text,label,f3_digits_ratio,f24_punct_div,f45_adj_count,f66_genitive_count,f87_gini
كتشف العلماء حديثًا أن هناك نوعًا من الخلايا هي بمثابة الكل، أطلقوا عليها وصف سيدة الخلايا، لها قابلية التحول إلى أي نوع من خلايا الجسم وفق معاملات بيئية محددة في المختبر، هذه الخلايا هي الخلايا الجذعية (Cellules souches)، ويطلق عليها أيضا اسم الخلايا الأصلية أو الخلايا الجذرية، ويستفاد من هذه الخلايا في زراعة الأعضاء، ويمكن أن تكون بديلا عن الزراعة التقليدية، وتمثل الأجنة المصدر الأول لهذه الخلايا، مما يطرح الكثير من الإشكالات حول زراعة الخلايا الجذعية، وهو ما يستدعي بيان حكمها الشرعي، وقبل ذلك بيان حقيقتها ومصادرها ووظائفها، وهو ما سأبينه في المطالب الآتية:المطلب الأول: حقيقة الخلايا الجذعية.المطلب الثاني: حكم زراعة الخلايا الجذعية..,0,0.0,0.007776049766718507,2.0,9.0,0.20279126213592247
يستكشف الملخص تمثيلات المنفى في رواية (الفراشات والغيلان) لعز الدين جلاوجي، مع التركيز على كيفية نقل السرد من تجربة شخصية إلى تمثيل ثقافي. من خلال تحليل الشكل والمحتوى، يدرس الملخص العناصر التي ساهمت في بناء الرواية، باستخدام منهج فني يجمع بين المقاربات الدلالية والسردية والثقافية.,1,0.0,0.014184397163120567,1.0,7.0,0.06190476190476191
يعد الحق في الإعلام من أهم حقوق التي أقرتها المواثيق الدولية والإقليمية، والضمانات الدستورية والقانونية، ولكن هل يمكن القول: أن كل هذه المواثيق والضمانات كافية لحماية هذا الحق من حيث الممارسة؟. الجدير بالإجابة هنا هو أن التطور الرهيب الذي عرفه الإعلام سوف يجعل من هذه الوثائق والضمانات غير كافية لممارسة هذا الحق، مما يستدعي دراسات أو قراءات أخرى أكثر عمقا وتطورا، خاصة في ظل الثورة الرقمية الجديدة والانتشار الواسع للمواقع الاجتماعية، وهذا بدليل أنه خلال سنة 2011 أصبح في العالم نحو 1.5 مليار مستخدم لشبكة الانترنيت يرسلون يوميا نحو 02 مليار رسالة بريد إلكتروني، وأن 90 % منهم أي حوالي 940 مليون يتواجدون بشكل مستمر في المواقع الاجتماعية، وأن 72 % منهم يتواجدون في أكثر من موقع اجتماعي. ويشترك نحو 610 مليون في الفايس بوك في مختلف جهات العالم، ومنهم 140 مليون في الولايات المتحدة الأمريكية، 34 مليون في اندونيسيا، و28 مليون في بريطانيا، و20 مليون في فرنسا، و05 مليون في مصر، و03 مليون في السعودية، و03 مليون في المغرب، و02 مليون في تونس، و1.5 مليون في الجزائر. ألا نستطيع أن نقول: من خلال هذه الإحصائيات أن الإعلام البديل قد تغلب على الإعلام الرسمي من خلال الفايس بوك والمواقع الاجتماعية والانترنيت...، ممّا يحتّم علينا ضرورة مواكبة هذا التطوّر بسن قوانين تتماشى والإعلام البديل وتنظم العمل الإعلامي وتحميه، وعليه ستكون هذه المداخلة موضحة في النقاط التالية:I-الإطار المفاهيمي: II-الحق في الإعلام في المواثيق الدولية والإقليمية.1 -في المواثيق الدولية.2 -في المواثيق الإقليمية.خلاصة عامة.,0,0.028118240807498196,0.002883922134102379,5.0,28.0,0.2796739130434782
تسليح جيش التحرير الوطني عبر الحدود الغربية خلال الثورة الجزائرية (1954-1962) هو موضوع يركز على استراتيجية التسلح التي اتبعها جيش التحرير الوطني الجزائري خلال الثورة الجزائرية. يُظهر هذا الموضوع أهمية الجبهة البرية في التحرير الوطني وآثارها على النضال ضد الاستعمار. يُبرز البحث دور الحدود الغربية في تزويد الجيش بالسلاح والذخائر، مما ساهم في تعزيز قدرات الجيش في مواجهة القوات الاستعمارية. يُظهر البحث أيضاً كيفية استخدام الجيش للحدود الغربية كمنطقة استراتيجية لتلقي المساعدات العسكرية واللوجستية، مما ساهم في تحقيق الأهداف التحريرية. يُعد هذا الموضوع جزءاً مهماً من تاريخ الثورة الجزائرية، ويعكس الجانب العسكري للنضال من أجل الاستقلال. يُبرز البحث أيضاً الأهمية الاستراتيجية للحدود الغربية في النضال التحريري، ويعكس دور الجيش في تحقيق الأهداف التحريرية. يُظهر البحث كيفية استخدام الجيش للحدود الغربية كمنطقة استراتيجية لتلقي المساعدات العسكرية واللوجستية، مما ساهم في تحقيق الأهداف التحريرية. يُعد هذا الموضوع جزءاً مهماً من تاريخ الثورة الجزائرية، ويعكس الجانب العسكري للنضال من أجل الاستقلال.,1,0.008040201005025126,0.004020100502512563,8.0,14.0,0.28970751573491293
تستكشف هذه الورقة البحثية تعقيدات الشيكات المرتدة، مع التركيز على أسبابها، وتأثيراتها على المؤسسات المالية، والتداعيات القانونية المحتملة. يتم استخدام نهج دراسة الحالة، مع تحليل البيانات من مختلف البنوك. النتائج الرئيسية تشمل زيادة الشيكات المرتدة بسبب الاحتيال، والأخطاء الإدارية، وعدم كفاية الأموال، مما يؤدي إلى خسائر مالية وعقوبات قانونية.,1,0.0,0.0058309037900874635,0.0,6.0,0.057231588287488755
"كثيرا ما تتردد مقولة أفلاطون على ألسنة المهتمين بالقراءة :″شعب يقرأ شعب لا يجوع ولا يستعبد″, لذا ارتأيت في هذه المداخلة أن أتحدث عن دور المكتبات في توعية الشعوب ,ومساهمتها في نشر الوعي من خلال توفير الكتاب و التشجيع على القراءة ونشر الثقافة والوعي الفكري. إن للمكتبة دور بارز في تطوير وتكوين فكر المجتمع وثقافته، حيث تعمل على نشر الوعي المعلوماتي والثقافي، وذلك من خلال توفير الوسائل التي تعين الطالب العلم على كسب المعرفة و الإلمام بالثقافة العامة، فهي تحتوي على مجموعة من المصادر والكتب والمخطوطات والصحف والمجلات، لتشجيع المواطنين على القراءة والاطلاع، وتقدم لزوارها العديد من الأنشطة الثقافية,وغيرها من النشاطات..",0,0.0,0.006482982171799027,7.0,16.0,0.1732673267326732
تسعى هذه الدراسة لاستكشاف العمق الفونيمي في الخطاب النبوي الشريف من خلال تحليل نماذج مختارة من صحيح البخاري، مستخدمة المنهجيات الصوتية الأسلوبية للكشف عن آليات التأثير الجمالي والإيحائي. تتناول الدراسة كيفية تشكيل الفونيمات شبكة صوتية تتفاعل مع السياقات الدلالية للنصوص، بما يعزز قدرتها على التأثير في تصور المتلقي وإضفاء أبعاد إيحائية تتجاوز المعنى الظاهر. تركز الدراسة بشكل خاص على النصوص التي تصف مشاهد من عالم الغيب، حيث تلعب البنية الفونيمية دوراً حاسماً في تعزيز الصورة الذهنية واستجلاء معانيها. من خلال هذا التحليل، تسعى الدراسة إلى إبراز العنصر الصوتي كأداة قوية في نقل الرسائل المعنوية والروحية، وتوجيه الانتباه نحو ثراء الخطاب النبوي في تراكيبه الفونيمية وتأثيره البلاغي العميق.,1,0.0,0.0029069767441860465,10.0,14.0,0.14652128764278305
المسرح الموجه للأطفال هو أداة فعالة في تعزيز القدرات الفكرية للأطفال، كما لاحظ مارك توين. إنه وسيلة تعليمية جذابة، تعزز التربية الجمالية والأخلاقية والعقلية، وتعزز الإبداع. كما يساهم المسرح في تشكيل مواقف الطفل وقيمه وشخصيته. تستكشف هذه الدراسة العلاقة بين مسرحة الحكايات الشعبية وتطور خيال الطفل وقدراته الفكرية.,1,0.0,0.006389776357827476,0.0,2.0,0.07575757575757569
تهدف الدراسة إلى معرفة مدى مساهمة أسلوب من أساليب التدريس الحديثة غير المباشرة والمتمثلة في أسلوب الاكتشاف الموجه في التربية البدنية والرياضية في اكتساب الحساسية الانفعالية والاجتماعية لدى تلاميذ المرحلة المتوسطة من خلال حصة التربية البدنية والرياضية ، من وجهة نظر أساتذة التعليم المتوسط ، دراسة ميدانية بمتوسطات بلدية حمام الضلعة ولاية المسيلة ،وقد اعتمد الباحث على استمارة استبيان لجمع المعلومات اقتبست عباراته من اختبار المهارات الاجتماعية لرونالد ريجيو الذي يتألف من 06 أبعاد مقسمة إلى جزأين جزء خاص بالمستوى الانفعالي والآخر خاص بالمستوى الاجتماعي وتم اعتماد بعد انفعالي والذي يتمثل في الحساسية الانفعالية وبعد اجتماعي والذي يتمثل في الحساسية الاجتماعية ،ونظرا لطبيعة الموضوع اعتمد الباحث المنهج الوصفي التحليلي الذي يتلاءم وطبيعة الموضوع ،وقد طبقت الدراسة على عينة قوامها 13 أستاذ ،وكانت النتائج المتوصل إليها إلى أن استخدام أسلوب الاكتشاف الموجه في درس التربية البدنية والرياضية يساهم إلى حد بعيد في اكتساب التلميذ لمهارتي الحساسية الانفعالية والحساسية الاجتماعية لدى تلاميذ المرحلة المتوسط.,0,0.004008016032064128,0.002004008016032064,8.0,18.0,0.24640019860973172
"تهدف هذه الدراسة إلى تسليط الضوء على دور الإعلام في تعزيز التوعية المرورية والعلاقة بين الأمن المعلوماتي والجهود المتكاملة للحد من حوادث المرور. تركز الدراسة على استراتيجيات وكالات الأمن في التعامل مع الإعلام كمساهمة في ثقافة التوعية المرورية بين السائقين الشباب بشكل عام وفي الوقاية من حوادث المرور بشكل خاص. تم توزيع استبيان على عينة عشوائية من السائقين الشباب، وأظهرت نتائج الدراسة أن الإعلام ساهم بشكل كبير في تعزيز الأمن بين السائقين الشباب بنسبة 65%، وأن استراتيجية الشفافية احتلت المرتبة الأولى بين الاستراتيجيات المعتمدة من قبل وكالات الأمن في التعامل مع الإعلام.

الكلمات المفتاحية: استراتيجية، الإعلام الأمني، التوعية المرورية، الوقاية من حوادث المرور، الأمن المعلوماتي.",1,0.0029411764705882353,0.004411764705882353,3.0,16.0,0.2852941176470589
"يستند هذا البحث إلى دراسة شاملة لرواية ""شيفرة دافنشي"" لدان براون، مع التركيز على استكشاف التيمات الموضوعية والسمات الثقافية والإبداعية والجمالية التي تميزها. يكتسب هذا الموضوع أهميته من تنوع مصادره الفكرية والمعرفية، بالإضافة إلى تنوع خصائصها الأسلوبية وعناصرها البوليسية. يعتمد النهج الفني للرواية على نظام ديناميكي تلغيزي يعتمد على توالي الشفرات وتسلسل دوامة الغموض، مما يبرز أهمية استكشاف ملامح هذا الغموض ومعالم التلغيز وطبيعة الحركة الدينامية التي تحدد إيقاع الأحداث ومسار الوقائع.",1,0.0,0.006172839506172839,3.0,7.0,0.11331569664903007
تهدف هذه الدراسة إلى استقصاء أثر التدريب المدمج على تطوير مهارات التمرير الطويل والمراوغة لدى فئة براعم نوادي كرة القدم في ولاية أم البواقي، للفئات العمرية ما بين تسع إلى اثنتي عشرة سنة. اعتمدت الدراسة المنهج التجريبي واستخدمت عينة محددة عمديًا تضم 36 لاعباً، قُسِّمت إلى مجموعتين متساويتين، إحداهما تجريبية والأخرى ضابطة، من ناديي اتحاد عين البيضاء وشباب الضلعة. اعتمدت الدراسة على إجراء اختبارات مهارية لقياس التغيران في الأداء. أظهرت النتائج تأثيرًا إيجابيًا ملحوظًا للتدريب المدمج في تحسين مهارتي التمرير الطويل والمراوغة، مما يعكس أهمية هذا النهج التدريبي في تطوير المهارات الفردية الأساسية لدى لاعبي كرة القدم من الفئات الشابة. توصي الدراسة بضرورة تعزيز الاهتمام بالمهارات الأساسية كجزء من برامج التدريب الرياضي، باعتبارها أساس النجاح والتفوق المستقبلي في المجال الكروي. تقدم هذه الدراسة رؤى قيّمة لأندية كرة القدم في كيفية تحسين برامجها التدريبية بما يتناسب مع المتطلبات الحديثة للتطوير المهاري لدى الناشئين.,1,0.002185792349726776,0.002185792349726776,7.0,15.0,0.18260002492833105
ظاهرة تزايد الانفاق العام في الجزائر: تطورها، أسبابها، ومتطلبات ترشيدها. تسعى هذه الدراسة إلى البحث في ظاهرة تزايد الانفاق العام باعتبارها من الظواهر المهمة التي استرعت انتباه الاقتصاديين. الجزائر، شأنها شأن العديد من الدول، عرفت منذ الاستقلال إلى يومنا هذا تزايدا مستمرا في وتيرة الانفاق العام نظرا لارتباطها بالتطورات الاقتصادية والسياسية التي شهدتها الجزائر خلال هذه الفترة. غير أن هذا التزايد في حجم الانفاق العام لم يرتبط دائما بتحقيق قدر أكبر من المنفعة العامة، أو زيادة في الناتج الوطني. عرفت هذه الفترة أيضا في الجزائر عدة قضايا مرتبطة بالفساد واختلاس المال العام، فضلا عن مظاهر تبديد المال العام وعدم تحقيق الفعالية والكفاءة في تنفيذ النفقات العامة. هذه الظروف جعلت من ترشيد الانفاق العام مطلبا ضروريا وحاجة ملحة في سبيل تحقيق الأهداف الموضوعة بأقل كلفة ممكنة، أو تحقيق أفضل استخدام ممكن للمبالغ المرصودة.,1,0.0,0.0036855036855036856,3.0,15.0,0.22696663605754508
"في عصر تكنولوجيا المعلومات والاتصالات، تتداخل تأثيرات وسائل الإعلام والاتصال على الأفراد والمنظمات والدول بشكل متزايد. منذ الأربعينيات، تم طرح تساؤلات حول تأثيرات هذه التكنولوجيات وانعكاساتها على المجتمع. في هذا السياق، تناولت العديد من نظريات الاتصال موضوع تأثير وسائل الإعلام الجماهيرية على الرأي العام.

تتميز علوم الإعلام والاتصال بأنها متعددة التخصصات، حيث يساهم علماء من مجالات مختلفة في دراسة هذه الظواهر. لم تعد الدراسات الاتصالية الإعلامية تقتصر على الاستخدامات والتأثيرات التقليدية، بل توسعت لتشمل دور التكنولوجيا كأداة لإدارة الأحداث وتصنيفها وتغيير مجراها. في هذا السياق، أصبحت المقاربات الحديثة ترى كل شيء من منظور اتصالي، مما يجعل الاتصال أداة للتفاوض والتقارب والتنازع.

في ضوء هذه التطورات، يهدف هذا البحث إلى دراسة تأثير تكنولوجيا المعلومات والاتصالات على السياسة الخارجية وتحليل كيفية استخدام الدول لهذه الأدوات في إدارة علاقاتها الدولية. من خلال دراسة حالة معينة، سنستكشف كيف تؤثر وسائل الإعلام والاتصال على صنع القرار الدبلوماسي والتفاوض بين الدول.",1,0.0,0.002066115702479339,2.0,17.0,0.20054928288068363
إن الثّورة الجزائرية من أعظم الحركات التحريرية في العالم المعاصر بصفة عامة، وفي إفريقيا بصفة خاصة، بالرغم من تلك المشاكل التي واجهتها في مختلف مراحل تكوينها وتفعيلها، إلا إنها تخطتها بكل مستوياتها، مستعملة في ذلك إمكانياتها الضعيفة، ومؤسساتها البسيطة، وقياداتها المبتدئة، ومن بين المواضيع التي حازت على حصّة الأسد في التّحضير لها وحتى بعد اندلاعها نجد إشكالية التّسليح، وذلك لما يشكله من أهمية كبرى كأداة للدفاع عن فكرة التّحرر، والتّخلص من سيطرة وسلطة المستعمر، وقد ظلت هذه الإشكالية الشغل الشاغل لقادة الثورة سواءا في داخل أو خارج الوطن، وكان بمثابة تحدي صعب ومستحيل في بعض الأحيان، وقد تمت مناقشته في العديد من المحطات البارزة في التحضير و الاستمرار للثورة.من المحطات البارزة في تاريخ الثورة الجزائرية، نجد انعقاد مؤتمر وادي الصومام، وما أفرزه من تحولات ومستجدات على مختلف الأصعدة الداخلية والخارجية المتعلقة بمسير الثورة، على اعتباره منعطف تاريخي بارز رسخ مبدأ شعبية الثورة والقيادة الجماعية، زيادة على وصفه للقانون، والهياكل والتنظيمات التي تتطلبها الثورة في تلك الحقبة التاريخية، بالإضافة إلى تحديد منهاجها على كافة المستويات السياسية والعسكرية، والاقتصادية، والاجتماعية والثقافية والإعلامية.الإشكالية: ومن هذا المنظور سنقدِّم بحثنا- هذا – من أجل دراسة الفترة التي جاءت بعد مؤتمر الصومام خاصة ما بين 1957– 1958 ابن كان الوضع العسكري للثّورة الجزائرية مختلفا جذريا عن الفترة السابقة، فلقد ولّى العهد الذي كانت فيه مجموعات صغيرة من المجاهدين مزودة بأسلحة بدائية أو غير مسلحة تماما، أدى إلى التفاف الشعب في كل أنحاء الوطن حولها أن هناك جيشا قويا ويقتنع المجاهدين باحتمال النّصر وجدوى الانضمام إلى الحركة الجديدة. وذلك من خلال التّطرق إلى المحاور الرئيسية التّالية:أولا: مقدمة: حول مؤتمر الصومام وتداعيات انعقاده..,0,0.0049504950495049506,0.0018564356435643563,6.0,32.0,0.18583237216455206
"هدفت هذه الدّراسة إلى الكشف عن أثر استراتيجيّة قائمة على قصص الحيوان في القرآن في الأداء القصصيّ الشّفويّ والكتابيّ لدى طلبة الصّفّ الثّامن الأساسيّ في الأردنّ؛ ولتحقيق ذلك استخدم الباحثان المنهج التّجريبيّ. وتكوّنت عينة الدّراسة من (56) طالبًا، وقد تمثّلت العينة في مجموعتين: تجريبيّة وضابطة من الصّفّ الثّامن الأساسيّ في المدارس الحكوميّة التّابعة لمديرية إربد الأولى، تمّ اختيار إحدى مدارسها بالطّريقة العشوائيّة ""السّحب والإرجاع""، وتمّ اختيار العينة بالطريقة نفسها؛ ولتحقيق أهداف الدّراسة طبّق الباحثان اختبارا قبليًا وآخر بعديًّا، وبين الاختبارين قدّمت للمجموعة التّجريبيّة (37) قصّة ممثلة من قصص الحيوان في القرآن؛ إذ صحح اختبار الأداء القصصيّ الشّفويّ الموقفيّ والأداء القصصيّ الكتابيّ التّحريريّ وفق أداة محكّمة لكلّ منهما وأظهرت نتائج الدّراسة وجود فروق دالّة إحصائيًا عند مستوى الدّلالة (≤ 0.05 (αبين متوسطات الأداء في الاختبار تعزى إلى الإستراتيجية القائمة على قصص الحيوان في القرآن مقارنة بالطّريقة التّقليديّة. وتبيّن من المقارنات البعديّة وجود فروق دالّة إحصائيًّا عند مستوى الدّلالة (≤ 0.05 (αبين متوسطات الأداء القصصيّ الشّفويّ الموقفيّ والأداء القصصيّ الكتابيّ التّحريريّ لصالح الأداء القصصيّ الشّفويّ الموقفيّ..",0,0.008857395925597875,0.006200177147918512,17.0,17.0,0.2625277161862529
"مبدأ سمو الدستور، الذي يعتبر ركيزة أساسية في الديمقراطيات المعاصرة، يهدف إلى تأكيد سيادة الدستور كقانون أساسي للدولة، حيث يجب أن تخضع له جميع السلطات والأفراد. ومع ذلك، تتميز الظروف العادية بعدم الثبات وقد تواجه الدولة أزمات وظروف استثنائية تستدعي حلولاً قانونية استثنائية. في هذا السياق، تظهر حالة الظروف الاستثنائية كاستثناء على مبدأ سمو الدستور للتعامل مع المواقف الطارئة وحماية كيان الدولة وسلامة المجتمع.

في الجزائر، نظم المؤسس الدستوري حالات قيام الظروف الاستثنائية مثل حالة الحصار والطوارئ والحالة الاستثنائية وحالة الحرب، مع تحديد الشروط والضوابط المتعلقة بها. في هذه الحالات، يمنح رئيس الجمهورية السلطة لاتخاذ الإجراءات المناسبة التي تتطلبها الظروف الاستثنائية.

من خلال هذا البحث، نهدف إلى دراسة حالة الظروف الاستثنائية كإستثناء على مبدأ سمو الدستور وتحليل تأثيرها على النظام القانوني والسياسي للدولة. سنستعرض الإطار القانوني والتنظيمي لهذه الظروف الاستثنائية في الجزائر ونناقش التحديات والفرص المرتبطة بتطبيقها.",1,0.0,0.0021668472372697724,7.0,13.0,0.18750418536128044
نحصرت أهمية الموارد المادية بالمنظمات المعاصرة، نظرا للدور الريادي للمورد البشري كمفتاح للنجاح والتغيير، حيث أصبح يمثل الانشغال الاستراتيجي بها، مما دعاها إلى التوجه نحو التسيير الأمثل له. حيث أطلق اسم الكفاءات على الموارد البشرية المتميزة، لأنها المورد الوحيد الذي يمتلك المعرفة، المهارات، القدرات وهو المورد القادر على الإبداع، والتفكير، والابتكار، وخلق القيمة بالمنظمة. ونظرا لأهمية ومكانة الكفاءات الفردية، كموارد غير ملموسة، وكجزء مهم من رأس المال الفكري، ونظرا للبعد الإستراتيجي الذي أصبحت تتميز به هاته الكفاءات، وما تخلقه من ميزة تنافسية دائمة، تضمن للمنظمة الحفاظ على بقاءها، تحقيق التميز في أداءها، والوصول إلى أهدافها الإستراتيجية، فلابد على المنظمة من الحفاظ عليها وتنميتها عن طريق التدريب الفعال والمستمر.من خلال ما سبق يظهر لنا مدى أهمية الإنفاق على التدريب من أجل تطوير مهارات وكفاءات العاملين داخل المؤسسة.,0,0.0,0.0024330900243309003,7.0,14.0,0.12378039900975679
أثبتت الدراسات في علم اللغة الاجتماعي أن الاختلافات والفروق الفكرية والحسية بين الجنسين تؤثر تأثيرا ملحوظا في اللغة، وقد توجّهت الأبحاث والنظريات اللغوية في اللغات الأوروبية والأمريكية لاستشفاف الصلة الناظمة بين العامل الاجتماعي والسلوك اللغوي لكل من المرأة والرجل، ولكن البحث في الفروق اللغوية بين الجنسين لم يحظ بحظّ وافر في اللغة العربية، خاصة في الأدب القديم، ورغم أن المرأة كانت علی هامش الثقافة في الأدب القديم ولكن لمع نجم شاعرة بزّت الرجال في الرثاء وتلقبّت بأميرة الشواعر لتمكّنها في لغة الشعر مما يؤكد أهمية التحليل الأسلوبي لشعرها بالآليات اللسانية لمعرفة الخصائص اللسانية للغة المرأة، لذلك حاول البحث أن يقوم بدراسة السمات اللغوية التي تميّز خطاب الخنساء عبر المنهج اللغوي الاجتماعي وعلی ضوء آراء روبين لاكوف والعلماء المعنيين باختلافات الجنس اللغوية لاستجلاء ملامح اللغة الأنثوية في ديوان الخنساء وتلمُّس العلاقة بين الجنس وسلوك الخنساء اللغوي. ومن النتائج التي توصل إليها البحث أن الرثاء في قصائد الخنساء مهّد مجالا فسيحا لتجلّي صوت المرأة في المستوی اللفظي، والتركيبي، والدلالي إذ إنه يوائم العاطفة النسوية. وقد برز معظم الملامح الأنثوية التي ذكرتها لاكوف في قصائد الخنساء، نحو: استخدام الألفاظ الدالة علی قوة المشاعر، والصيغ الوصفية الجزئية، واستخدام المؤكدات اللفظية، والقيود المشدّدة، والقيود التشكيكية، والمبالغة في الكلام..,0,0.0,0.002413515687851971,13.0,15.0,0.22497766660711105
تناول الدكتور علي لونيسي موضوع المحكمة الجنائية الدولية، مركّزًا على التحديات والانتقادات التي واجهتها منذ نشأتها. يشير البحث إلى العقبات التي عرقلت إنشاء قضاء جنائي دولي فعال، والذي تعززت الحاجة إليه لمحاسبة مرتكبي الجرائم الدولية الجسيمة والحد من انتشارها. رغم اعتماد النظام الأساسي للمحكمة الجنائية الدولية ودخوله حيز التنفيذ عام 2002، إلا أن النصوص واجهت انتقادات تصفها بالتناقض وعدم الكفاية لمحاربة الإفلات من العقاب بسبب التأثيرات السياسية في إعدادها. تظهر هذه الانتقادات التباين بين الأهداف النظرية للمحكمة وتطبيقاتها الاستثنائية على أرض الواقع. هذا يوضح الحاجة إلى تفعيل قوانين دولية صارمة وإعادة تقييم هيكلية المحكمة لضمان العدالة الدولية الفعالة. يعكس البحث ضرورة الإصلاح لتحقيق محاكمات عادلة وفعالة بما يحمي حقوق الأفراد والشعوب.,1,0.005405405405405406,0.002702702702702703,4.0,7.0,0.09000000000000008
يعرض هذا البحث تحليلا متعمقا للمكان العجائبي في حكايات السندباد البحري من ألف ليلة و ليلة، مع التركيز على التمظهرات المتعددة لهذا المكان بين الانفتاح والانغلاق، والطبيعي والاصطناعي، والثابت والمتحرك، والداخل والخارج. يُظهر البحث كيف يلعب المكان العجائبي دوراً حاسماً في تشكيل تجربة القارئ من خلال خلق شعور بالحيرة والتردّد، مع وجود أمكنة أخرى واقعية تؤدي دوراً في تكثيف السرد وتأثير أذهان المتلقين. يبرز البحث كيف يظهر العجائبي بقوة من خلال المخلوقات الوهمية التي تسكن هذه الأماكن، مما يجعلها فريدة من نوعها في الأدب العجائبي. يهدف البحث إلى تسليط الضوء على أهمية المكان في تشكيل البنية السردية والاجتماعية والنفسية للقصص.,1,0.0,0.003215434083601286,8.0,14.0,0.1805000000000001
فارقة هي أسلوب بلاغي يعتمده المبدع لعرض أفكاره والتعبير عن تجاربه ورؤاه إذ هي ممارسة أدبية ذات إرهاصات فلسفية، دخلت الساحة النقدية العربية في القرن العشرين؛ بعدما لقيت رواجا كبيرا في النقد الغربي، حيث وردت بتعريفات مختلفة ومتنوعة يستعصي الإلمام بتعريف واحد لها، كما تعدّدت وظائفها من عصر لآخر حسب حاجة المبدع إليها، ومن بين التعريفات الشائعة للمفارقة نذكر تعريف بوث Booth وهي «لعبة لغوية ماهرة وذكية بين عنصرين: أحدهما صانع المفارقة، والآخر قارئُها بطريقة يقدم فيها صانع المفارقة النص بأسلوب يستثير القارئ، ويدعوه إلى رفض معناه الحرفي لصالح معناه الخفي الذي هو غالبا المعنى الضد، والقارئ في أثناء ذلك يجعل اللغة يصطدم بعضها ببعض بحيث لا يهدأ له بال إلا بعد أن يصل إلى المعنى الذي يريده ليستقر عنده» ، وللمفارقة عدة مستويات من بينها، المفارقة الساخرة التي سنحاول أن نرى كيف تجلت في أعمال بعض الشعراء المعاصرين..,0,0.0,0.0049382716049382715,6.0,9.0,0.09231654676258993
قد تحول النص الشعري الحداثي في خضم التجريب الشعري المستمر، والدائم، والملح، من شعرية القول، وانفعالية الصورة الشعرية إلى التشكيلات المتعددة التي يحملها النص/ الكتابة، وأضحى كل عنصر تقع عليه العين دالا ورامز، وذا أهمية قصوى في استقطاب متلق جديد، يهتم بكل مكونات النص. و يمكن القول أنه ومع القصيدة التشكيلية صار الشاعر والقارئ معا واعيين بمسألة الكتابة، بأطرها المكانية ومساحاتها البادية، وخطوطها الراسخة، وبياضاتها الدالة، وهوامشها الموحية، وألوانها الناصعة، وأيقن الطرفان أنّ الخطوة الجديدة التي تمّ تدميرها هي الانتقال من السياق القولي إلى الشكل الكتابي. وهو ما سوف تطرحه هذه الورقة البحثية من خلال الاشتغال على نصوص جزائرية معاصرة في المقام الأول.,0,0.0,0.0030816640986132513,7.0,9.0,0.07358201328564129
تهدف الدراسة الحالية إلى معرفة العلاقة بين فوبيا المدرسة و التوافق الدراسي لدى تلاميذ المرحلة الابتدائية، والتعرف على الفروق بين الذكور والإناث و الفروق بين السنوات الدراسية في فوبيا المدرسة والتوافق الدراسي وقد استخدم فيها المنهج الوصفي، وتكونت عينة الدراسة من (100) تلميذا وتلميذة من المدارس الابتدائية بولاية الجلفة.تم استخدام استمارة فوبيا المدرسة لسلوى السيد سليمان ومقياس التوافق الدراسي ليونجمان ، وتم التأكد من صدقهما وثباتهما بتجريبهما على عينة استطلاعية، وجرت المعالجة الإحصائية باستخدام البرنامج الإحصائي SPSS، وتوصلت الدراسة إلى النتائج التالية: توجد علاقة دالة إحصائيا بين فوبيا المدرسة والتوافق الدراسي لدى تلاميذ المرحلة الابتدائية كما أسفرت عن عدم وجود فروق دالة إحصائيا في فوبيا المدرسة والتوافق الدراسي حسب الجنس وحسب المستوى الدراسي على التوالي وأسفرت عن وجود فروق دالة إحصائيا في فوبيا المدرسة والتوافق الدراسي حسب المستوى الدراسي والجنس على التوالي..,0,0.003444316877152698,0.0057405281285878304,12.0,14.0,0.3046932742054693
يُبرز البحث دور الناقة في رحلة الوجود لدى طرفة بن العبد البكري، حيث تُعتبر رمزاً للموجودات وأقوى الحيوانات على المقاومة والصبر. تُظهر الناقة أهمية رفيقة الإنسان التي لا تمل ولا تشكو ولا تضجر، وتُعد دربه وأنسه في وحدته وغربته. وقد احتلت الناقة مكانة كبرى عند الإنسان الجاهلي، حتّى بلغت حد التقديس، واعتبرها وسيلته للرحلة عبر الزمن. يُظهر البحث كيف تعمل الناقة على تفريج الهم وتخفيف القلق والاكتئاب النفسي، وتُعتبر الوجه المشرق للحياة الذي ينمي بالشاعر الحس بالتسامي والرغبة في البقاء والخلود.,1,0.0,0.004073319755600814,6.0,5.0,0.10408093278463659
يسعى هذا البحث إلى دراسة تأثير إدارة معرفة الزبون الإلكترونية على نمط الادراكي للزبون، من خلال دراسة حالة مؤسسة الاتصالات الخلوية موبليس. وقد استخدمت الدراسة قائمة استقصاء وتوصلت إلى وجود تأثير ذو دلالة إحصائية عند مستوى المعنوية (α≤ 0.05) للمتغیر المستقل والتابع. وخلصت الدراسة إلى أن المؤسسة يجب أن تهتم بإدارة معرفة الزبون الإلكترونية لكسب زبائنها. وتشير الدراسة إلى أن إدارة معرفة الزبون الإلكترونية تعتبر مورداً مهماً وجديداً للمؤسسة في ظل الاقتصاد الجديد القائم على المعرفة والثروة المعلوماتية.,1,0.006,0.008,1.0,8.0,0.18915510718789408
تناولت الدراسة مفهوم العمل الإيجابي من خلال رؤى بديع الزمان النورسي، مسلطة الضوء على دوره في تعزيز القيم الأخلاقية الإسلامية وسط تحديات العصر الحديث. يُبرز النورسي أهمية العمل الإيجابي كوسيلة بنّاءة لمواجهة تحديات الحداثة الغربية، مؤكداً على الالتزام بالمبادئ الأخلاقية المستمدة من الإيمان بالله والابتعاد عن الأنانية والمادية المفرطة. يستعرض البحث الأسباب التي أدت إلى تأخر المسلمين، مثل عدم الالتزام بالشريعة، والتعصب غير المبرر، وتقليد الغرب دون تمييز. يُقدم النورسي رؤية تهدف إلى إنقاذ الهوية الإسلامية من الانجراف خلف الحضارة الغربية من خلال الوعي بتقاليدها وآثارها السلبية على المجتمع المسلم. تُؤكد الدراسة على أن الظروف التاريخية التي واجهها النورسي كانت محفزًا لتحفيز العقل المسلم على التفكير النقدي والبحث عن حلول لمشاكل التخلف والتبعية. يعكس التحليل تركيز النورسي على السمو بالفرد والمجتمع عبر دمج القناعة الدينية مع السلوك الإيجابي.,1,0.0,0.002372479240806643,12.0,16.0,0.15595518867924518
تهدف هذه الدراسة التحليلية إلى استكشاف العوامل الثقافية التي تعيق فعالية مؤسسات التنشئة الاجتماعية في الجزائر، وبخاصة الأسرة والمدرسة، في تعزيز الوعي البيئي والمحافظة على البيئة. على الرغم من الجهود الكبيرة التي تبذلها الأسرة والمدرسة في هذا المجال، إلا أن دور الأفراد والجماعات والمؤسسات الحكومية يبقى دون المستوى المطلوب، مما يؤدي إلى ضعف في تفعيل الاستراتيجيات البيئية. تُظهر النتائج أن هذا الوضع يعزى بالأساس إلى التخلف الثقافي وتبني ثقافة تكرس التقاعس عن التزامات المجتمع تجاه البيئة. يمثل التخلف الثقافي عقبة رئيسية في طريق تحقيق التنمية المستدامة، حيث يقوض الجهود المبذولة لتعزيز السلوكيات البيئية الإيجابية، ويعزز استمرار ممارسات غير مسؤولة تجاه المحيط الطبيعي. تقترح الدراسة ضرورة مواجهة هذه التحديات من خلال تحديث المناهج التربوية، وتغيير الوعي الثقافي لدى الأفراد والمجتمع بشكل عام، لضمان دور أكثر تأثيراً وفاعلية للمؤسسات التعليمية والاجتماعية في سبيل حماية البيئة وتحقيق التوازن بين النظم البيئية والأنشطة البشرية. إن المعالجة الجادة لهذه الإشكاليات الثقافية تعد خطوة ضرورية نحو بناء مجتمع يقدر قيمة البيئة ويعمل بجدية للحفاظ عليها.,1,0.0,0.0019138755980861245,9.0,14.0,0.1482275586049171
المتعارف عليه في تاريخ العلوم والأفكار أن المعرفة العلمية لا تعترف بالحدود الجغرافية ولا محدودية المجال، ولعل ذلك نتوسمه بشكل جلي في انتقال الأفكار والعلم عبر دار الإسلام في العصر الوسيطّ، ومما شجع ذلك الحراك عبر حواضره ما ميز التربية والتعليم في المنظومة العلمية أنذاك، والتي اعتمدت على عنصر أساسي ألا وهو الرحلة العلمية، وهي ذلك الحراك الذي تم بين طلبة العلم والعلماء في حواضر عالم الإسلام الوسيط، وقد كانت لمدينة بجاية في الفترة الحفصية من القرن 7-9هـ/13-15م تواصلا علميا كبيرا مع حواضر الغرب الإسلامي كتونس وفاس وغرناطة، من خلال الرحلات العلمية المتبادلة بينها، وقد كان لطلبة بجاية وفقهائها أثرا في المناطق التي حطوا بها، فتصدو للتدريس والفتوى والقضاء وغيرها من الوظائف، فإلى أي مدى أثرت المدرسة العلمية في نظيراتها. وهل تأثرت بها. وماهي ثمار ذلك التلاقح العلمي.,0,0.007832898172323759,0.0026109660574412533,5.0,13.0,0.15464369158878521
يعتبر عقد الإعتماد الإيجاري العقاري أسلوب جديد لتمويل الإستثمارات، يعمل على دفع عجلة التنمية الإقتصادية نظرا لما يوفره من مزايا تميزه عن صيغ التمويل التقليدية ، إذ يمكن الأفراد وأصحاب المشاريع الإقتصادية من الحصول على ما يحتاجون إليه من أصول رأسمالية عقارية، حيث يتم التقدم إلى البنوك أو المؤسسات المالية أو شركة تأجير مؤهلة قانونا ومعتمدة صراحة بهذه الصفة، بطلب تمويل شراء أو بناء أصول عقارية، ويكون للمستأجر حق الإستعمال والإنتفاع بالأصل المؤجر وبسعر محدد مسبقا، وفي المقابل فإن المؤجر يبقى صاحب ملكية الأصل المؤجر، وفي نهاية المدة يكون للمستأجر حق الخيار الثلاثي بين شراء الأصل المؤجر أو رده، أو تجديد العقد لمدة أخرى وبشروط جديدة.والمشرع الجزائري على غرار باقي مشرعي دول العالم نظم هذا العقد بموجب الأمر رقم 96-09 المتعلق بالإعتماد الإيجاري، وأصدر المرسوم التنفيذي رقم 06-91 الذي يحدد كيفيات إشهار عمليات الإعتماد الإيجاري للأصول غير المنقولة.,0,0.009445100354191263,0.0023612750885478157,8.0,8.0,0.14230384807596197
"اللغة ظاهرة اجتماعية معقدة تتطلب دراسة متعددة المستويات. في هذا السياق، يبرز الدكتور مكي درار كأحد الباحثين البارزين الذين تناولوا القضايا اللسانية بالتحليل والنقد، مستندًا إلى الإرث اللغوي العربي القديم والمرجعية النظرية اللسانية المعاصرة. من خلال كتابه ""هندسة المستويات اللسانية من المصادر العربية""، يقدم درار دراسة شاملة ومتكاملة تتناول المستويات اللسانية المختلفة.

في هذا المقال، سنركز على جهود درار في تطوير فهمنا للمستويات اللسانية وكيفية تطبيقها على اللغة العربية. سنستعرض المنهجية التي اتبعها في تحليل النصوص والمصادر العربية القديمة، ونناقش كيف استطاع دمج هذه المعرفة مع النظريات اللسانية المعاصرة.

من خلال دراسة أعمال الدكتور مكي درار، يمكننا فهم أهمية دراسة المستويات اللسانية في مجال الدراسات اللغوية. كما يمكننا الاستفادة من نهجه المبتكر في تطبيق الإرث اللغوي العربي القديم مع النظريات اللسانية المعاصرة، مما يساهم في تطوير فهمنا للغة العربية وتطورها عبر الزمن.

في الختام، يقدم الدكتور مكي درار من خلال كتابه ""هندسة المستويات اللسانية من المصادر العربية"" دراسة قيمة ومفيدة للباحثين والمهتمين بمجال الدراسات اللغوية. من خلال أعماله، يمكننا تعميق فهمنا للمستويات اللسانية وتطبيقها على اللغة العربية، مما يساهم في تطوير معرفتنا بهذا المجال المهم.",1,0.0,0.0025884383088869713,5.0,22.0,0.3185046728971963
يتناول البحث قضايا المنهج في صناعة المصطلح العلمي العربي، مشيراً إلى تحديات واضطرابات تواجه هذه العملية نتيجة للغزو المصطلحاتي السريع والتبعية الثقافية وغموض الأهداف بين الهيئات العلمية في الدول العربية. يستعرض الباحث تاريخ اهتمام العرب بالمصطلحات، بداية من القرن التاسع عشر ومقارنتها بحركة بيت الحكمة في بغداد، حيث اعتمدت على الترجمة والنحت والاشتقاق لتطوير اللغة العربية وخلق مصطلحات جديدة. تُسلط الدراسة الضوء على أهمية التحكم في استعمال المصطلحات لتحقيق التقدم العلمي، ويبرز تاريخ اللغة العربية في استيعاب العلوم واستعداداتها للتفاعل مع المستحدثات. يهدف البحث إلى تقديم رؤًى منهجية لصناعة المصطلحات، وذلك لتبديد الفروق بين المصطلحات المستخدمة في المجتمعات العربية والمساهمة في تطوير اللغة لمواكبة الفضاءات العلمية الحديثة.,1,0.0,0.0027548209366391185,4.0,13.0,0.14714434060228454
طالما شكلت ظاهرة جنوح الأطفال معضلة قانونية واجتماعية في نفس الوقت، الأمر الذي يستدعي معه تظافر كل الجهود للقضاء عليها أو على الأقل التقليل منها، حيث ارتأت السياسة الجنائية المعاصرة مجابتها عن طريق سياسة جنائية حمائية تميل إلى الإصلاح والتهذيب أكثر منها إلى الردع والعقاب؛ ذلك أن ارتكاب الطفل للجرائم لا يعني معاملته كالبالغين لكونه لا يطرق باب الجريمة لشر متأصل فيه، بل لأنه ضحية ظروف اجتماعية، وهذا ما حاول المشرع الجزائري تكريسه من خلال القانون 15/12 المتعلق بحماية الطفل عن طريق تطبيق التدابير الإصلاحية على الأطفال الجانحين بالأولوية، لكونها الأصلح والأنسب لإعادة تقويمهم وانتشالهم من وضعية الخطأ والجنوح التي وقعوا فيها، واستثناءً تطبيق العقوبة المخففة إذا استدعت سن وظروف وخطورة الجانح ذلك، مع العمل على تضييق اللجوء إليها بالبحث عن بدائل أكثر فاعلية في إصلاح الجانحين، وهذا ما يوحي باستجابة المشرع الجزائري لمبدأ أولوية الإصلاح على العقوبة..,0,0.004711425206124852,0.0035335689045936395,4.0,14.0,0.12178784557301192
"يتناول البحث دراسة النصوص التراثية وآليات قراءتها من منظور تداولي، مع التركيز على كتاب ""نقد النثر"" لقدامة بن جعفر كنموذج. يهدف البحث إلى استكشاف القيم والمفاهيم النقدية المتجذرة في التراث العربي ودورها في تطوير الدراسات اللغوية الحديثة. يشير البحث إلى أن المفاهيم النقدية المتعلقة بآليات البيان لم تكن محصورة في نوع أدبي معين بل امتدت عبر مجالات متنوعة مثل البلاغة والنحو والفلسفة، مبيناً أهمية استغلال هذه المفاهيم في فهم وتطوير اللغة العربية. الدراسة تسلط الضوء على كيفية الاستفادة من التراث العربي لتعزيز الفهم المعاصر لآليات الخطاب، مؤكدة على استمرارية وتأثير التراث في المجال التداولي المعاصر، كما تسعى لإبراز الإسهامات القيّمة للعلماء العرب القدامى في هذا السياق.",1,0.0,0.004484304932735426,4.0,14.0,0.14046121593291416
يهدف البحث إلى دراسة التحكيم الإلكتروني في مجال الصفقات العمومية، باعتباره وسيلة بديلة عن القضاء لفض النزاعات بشكل ودي. يبرز البحث موقف المشرع الجزائري من هذه الطريقة، التي كانت مرفوضة في البداية ولكن تم تبنيها في وقت لاحق. يسلط البحث الضوء على أهمية التحكيم الإلكتروني في تسوية النزاعات الناجمة عن الصفقات العمومية، مع التأكيد على سرعة الإجراءات وسرية المعلومات. يخلص البحث إلى أن التحكيم الإلكتروني يمكن أن يكون أداة فعالة في حل النزاعات في مجال الصفقات العمومية، مع الحاجة إلى مزيد من التطوير والتحسين.,1,0.0,0.0039603960396039604,5.0,17.0,0.25492610837438434
تهدف هذه الدراسة إلى مقارنة طرق تدريس قواعد اللغة العربية في كتابي الجيل الأول والثاني للسنة الأولى من التعليم المتوسط. يتم التركيز على جوانب مثل المحتوى، ترتيب المادة التعليمية، طرق التدريس، التطبيقات، الحجم، والشكل والإخراج. الهدف من هذه المقارنة هو تحديد التشابهات والاختلافات بين الكتابين وتقييم مدى نجاح التغييرات التي طرأت على كتاب الجيل الثاني لمواكبة الطرق الحديثة في تعليم اللغات وتحقيق الأهداف المرجوة من تدريس قواعد اللغة العربية، مثل الاستخدام الصحيح الفصيح للغة وتجنب العامية في المحادثات والكتابة.,1,0.0,0.003913894324853229,3.0,9.0,0.13225014169658045
"تتناول هذه الدراسة الدور السياسي للزاوية العلاوية في الجزائر من خلال تحليل الوظائف الاجتماعية داخل هذا الفضاء الديني. توصلت الدراسة إلى أن الزاوية لم تعد مؤسسة تقليدية تقتصر على المجال الديني فحسب، بل تعدت إلى الوظيفة السياسية وأصبحت تعتبر إحدى مؤسسات المجتمع المدني. الزاوية في الجزائر تظهر بظاهر ديني ولكن تحمل في باطنها أبعاداً سياسية.

من النتائج المهمة التي توصلت إليها الدراسة:
1. النظام الاجتماعي: يعكس مبادئ الطريقة العلاوية.
2. نظام الفعل الطقوسي: من خلال الممارسات الصوفية.
3. النظام الثقافي والاجتماعي: من خلال الوظيفة التي تؤديها الزاوية في المجتمع.

تعتبر الزاوية العلاوية في الوقت الحالي إحدى رهانات الدولة الجزائرية، حيث تشكل جزءاً من مؤسسات المجتمع المدني.",1,0.004464285714285714,0.004464285714285714,12.0,13.0,0.2077830188679246
يحلل هذا البحث دور السياسة الجبائية في تحقيق التنمية المستدامة في الجزائر خلال الفترة من 2000 إلى 2013. يسلط الضوء على أهمية السياسة الجبائية في دعم أهداف التنمية المستدامة، حيث تعتبر مصدرا أساسيا لتمويل برامج التنمية وتحقيق العدالة الاجتماعية وترشيد الإنفاق وربفيز الاستثمار وتشجيع الإنتاج وحماية البيئة. يبرز البحث جهود الجزائر في تطوير وتفعيل تشريعها الجبائي منذ التسعينيات بعد الصدمة النفطية، وتعديلاتها المتعاقبة في قوانينها المالية لتفعيل دور السياسة الجبائية في تحقيق التنمية المستدامة. يُظهر البحث كيف اعتمدت الجزائر برامج تنموية خلال الفترة من 2001 إلى 2014 لتعزيز دور السياسة الجبائية في تحقيق أهداف التنمية المستدامة.,1,0.025477707006369428,0.0031847133757961785,1.0,12.0,0.2730769230769232
يشكل الترخيص الإداري آلية قانونية رائدة لحماية البيئة عبر تنظيم أنشطة المنشآت المصنفة، مستندًا إلى المطالبات المتزايدة من المجتمعات، خاصة المجاورة للصناعات، بتدخل الدولة لحماية البيئة والمصالح المجتمعية بأدوات رقابية فعالة. يعد هذا النظام جزءًا من البوليس الإداري، حيث يتمتع بسلطة استخدام أدوات قانونية محددة مسبقًا، لضمان التزام المنشآت بالشروط والضوابط البيئية والقانونية المطلوبة. ويمكن للإدارة، بفضل هذا النظام، التدخل لمنع ومكافحة الأنشطة الملوثة، وصولًا إلى اتخاذ إجراءات حازمة مثل إغلاق المنشأة وإلغاء الترخيص بصورة دائمة، في حالة التهاون في الامتثال. ويبرز الترخيص الإداري كواحد من الأدوات الفنية الحيوية لضمان مشروعية الأنشطة الصناعية، حيث يوفر حماية قانونية للمجتمع والبيئة، مع تعزيز الالتزام بتقليل الآثار البيئية السلبية. يتيح هذا النظام تقييم المخاطر والامتثال لمعايير الحماية البيئية، مما يعكس أهميته كوسيلة متقدمة لتحقيق التوازن بين التنمية الصناعية والصيانة البيئية، بجانب تأمين مصالح الأفراد والمجتمع بشكل شامل.,1,0.0,0.0021551724137931034,3.0,8.0,0.13144802304268133
في هذا البحث، نستكشف دور الاستفهام كفعل لغوي حجاجي في الشعر العربي المعاصر، مع التركيز على شعر أحمد مطر. تهدف الدراسة إلى توضيح كيف يمكن للاستفهام أن يتجاوز وظيفته الظاهرية كوسيلة لطلب الإخبار ليصبح أداة بلاغية مؤثرة تستخدم لبناء استراتيجيات حجاجية تهدف إلى التأثير على المتلقي. يُعتبر الاستفهام إحدى الوسائل البلاغية التي تسهم في تطعيم النص بالحجج، إذ تساهم في تقليل فجوة الاختلاف بين الشاعر والمتلقي، أو تعزيزها بطرائق بلاغية معينة. ويعمل على تبديل الدعوة القائمة بدعوة مضادة عبر تقديم حجج داحضة للأولى ومساندة للثانية، مما يمنحه بعدًا تأثيريًا يتجاوز الطابع الوظيفي المباشر. ومن خلال تحليل أعمال أحمد مطر، الذي يشتهر بشعره الذي يعبّر عن قضايا الهوية والنضال، نسعى إلى إظهار كيف يجسّد شعره هذه الاستراتيجيات البلاغية، حيث يتم توظيف الاستفهام بما يخدم الأهداف الحجاجية والتأثيرية المرجوة. هذا البحث يعتمد على الدراسة الدقيقة للنصوص الشعرية وتحليلها ضمن السياقات اللغوية والبلاغية المعاصرة، مما يتيح فهمًا أعمق لكيفية استخدام الاستفهام كعنصر حيوي في التواصل الشعري والحجاجي، ممّا يعزز من فعالية الشعر كوسيلة للتعبير عن القضايا المعاصرة وتأثيرها على الجمهور المستهدف.,1,0.0,0.001876172607879925,9.0,17.0,0.13694638694638694
"دور التدقيق الداخلي في السيطرة على الخطر الجبائي المتعلق بالرسم على القيمة المضافة– دراسة حالة مؤسسة نفطال وحدة قسنطينة – 

يهدف البحث إلى إبراز دور التدقيق الداخلي في السيطرة على الخطر الجبائي المتعلق بالرسم على القيمة المضافة في المؤسسات الاقتصادية، من خلال التركيز على الممارسات والاجراءات التي تضمن المطابقة والفعالية الجبائية للمؤسسة. وتوصل البحث إلى أن التدقيق الداخلي له دور كبير في ضمان احترام القواعد الضريبية المعمول بها، واستغلال الفرص التي توفرها في تسيير العب الجبائي، والتحكم في المخاطر الجبائية التي قد تعرض المؤسسة إلى عواقب وخيمة. وتشمل الكلمات المفتاحية التدقيق الداخلي، تسيير جبائي، مخاطر جبائية، تسيير المخاطر الجبائية.",1,0.0,0.003129890453834116,10.0,15.0,0.25861556743909686
يعالج البحث قضية تنويع الصادرات في الجزائر خارج حدود قطاع المحروقات، وهي إحدى المهام الاقتصادية الاستراتيجية التي تواجه الدول النفطية. تعتمد اقتصادات هذه الدول بشكل كبير على الموارد النفطية، مما يجعلها عرضة للتقلبات في أسواق النفط العالمية، وهو ما يؤثر سلبًا على مسارها التنموي. تتطلب التنمية الاقتصادية تعزيز تنوع مصادر الدخل العام وتنويع الصادرات بعيدًا عن المحروقات. يشدد البحث على الحاجة الملحة للجزائر لتنويع اقتصادها من خلال تعزيز القطاعات الواعدة مثل الصناعة والزراعة والسياحة، وتوجيهها نحو التصدير. تعتبر هذه الاستثمارات حيوية لكسر الاعتماد الاقتصادي على المحروقات وتحقيق نمو اقتصادي مستدام وشامل. يبرز البحث أهمية تنفيذ سياسات فعالة لتشجيع الصادرات وتخطي العوائق التي تواجهها لتعزيز القدرات التصديرية للبلاد.,1,0.0,0.002789400278940028,4.0,8.0,0.11244780274408428
تهدف هذه الورقة البحثية إلى تقديم تحليل نقدي للعقل الأداتي في الفكر الغربي من خلال استكشاف كتابات المفكر عبد الوهاب المسيري، وتسلط الضوء على دور العقل الأداتي في تشكيل الفكر الغربي الحديث والمعاصر. تعتمد الدراسة منهجية تحليلية نقدية، حيث تُفحص نصوص المسيري لفهم رؤيته النقدية لدور العقل الأداتي في دعم الهيمنة الشمولية والنزعة المادية في المجتمعات الغربية. تركز الدراسة على استكشاف العلاقة بين العقل الأداتي ونتائجه الاجتماعية والسياسية والاقتصادية في الغرب، وذلك من خلال تحديد السمات المميزة لهذا العقل كما استعرضتها كتابات المسيري. تشير النتائج المتوقعة إلى أن المسيري يقدم نظرة نقدية متعمقة تبين كيف أن العقل الأداتي يسهم في تقويض القيم الإنسانية واختزال البعد الروحي للأفراد، مما يفتح المجال لتقديم رؤى بديلة تعزز الإنسان وقيمه في مواجهة التحديات الحديثة.,1,0.0,0.002635046113306983,12.0,13.0,0.1885964912280702
جاءت هذه الدراسة لتحليل دور النشاط اللعب التربوي في مرحلة ما قبل المدرسة في الجزائر، موضحة كيفية تأثيره على التنشئة الاجتماعية للأطفال. ومن خلال النتائج التي توصلت إليها الدراسة، تبين أن اللعب الموجه من قبل المربيين في رياض الأطفال يلعب دورًا هامًا في تنمية القدرات البدنية والعقلية والنفسية والاجتماعية للأطفال. كما يُعد اللعب عاملاً مؤثرًا على التوافق النفسي والاجتماعي للأطفال، خاصة في مرحلة الروضة التي تعتبر الأساس للتربية. وعلى الرغم من أن النتائج توفر رؤية قيمة، إلا أنها تبقى نسبية نظرًا لعدم شمولها جميع المتغيرات والعوامل الأخرى المؤثرة في التنشئة الاجتماعية.,1,0.0,0.0035149384885764497,5.0,10.0,0.157069597069597
يتم فحص مفهوم المسؤولية الاجتماعية للمنظمات الاقتصادية من قبل العلماء والمفكرين، مع التركيز على العلاقة بين هذه المنظمات والمجتمع. هناك إجماع على ضرورة أن تتبنى المنظمات هذا المفهوم وتلعب دورًا في التنمية المجتمعية. ونتيجة لذلك، تشجع المنظمات الدولية على اعتماد هذا المفهوم ودمجه في برامجها. وقد أظهرت الجزائر اهتمامًا خاصًا بهذا المفهوم، حيث اتخذت تدابير مثل سن القوانين لحماية العمال والبيئة والمستهلك، والمشاركة في الاتفاقيات الدولية. ومع ذلك، لا توجد جهود مباشرة تتعلق بالمسؤولية الاجتماعية للمنظمات الاقتصادية الجزائرية.,1,0.0,0.0038095238095238095,0.0,8.0,0.12705702257941054
تهدف هذه الدراسة إلى استكشاف البناء اللغوي لخطاب الرسالة الديوانية في التراث الأدبي واللغوي الجزائري القديم، من خلال تحليل رسائل أبي القاسم عبد الرحمان القالمي. تستخدم الدراسة المنهج الوصفي التحليلي لتحديد مضامين الرسائل وخصائص البناء اللغوي، مع التركيز على الجانب التركيبي للغة ودلالاته المتنوعة. تهدف الدراسة إلى استكشاف الوظائف النحوية والدلالية للسمات اللغوية في هذه الرسائل، وتقديم رؤية متعمقة حول أصالة التراث الأدبي واللغوي الجزائري وجماليته الإبداعية. تسعى الدراسة إلى تقديم إجابة عن التساؤل حول مدى أصالة التراث الأدبي واللغوي الجزائري وجماليته الإبداعية البارزة والمتحققة في لغته وتركيبه.,1,0.0,0.0033444816053511705,15.0,10.0,0.2076446280991735
هدفت الدراسة إلى استكشاف دور التنشئة الاجتماعية في تشكيل توجهات تلاميذ المرحلة الثانوية نحو ممارسة الأنشطة الترويحية الرياضية في منطقة تيارت. استخدمت الدراسة منهج البحث الوصفي التحليلي، معتمدة على استبيان كأداة لجمع البيانات، تم توزيعه على عينة عشوائية مكونة من 300 طالب وطالبة من مختلف المدارس الثانوية في المنطقة. ركزت الاستبيانات على تقييم مدى تأثير عوامل مختلفة مثل الأسرة، المدرسة، والأقران في تطوير الاتجاهات الإيجابية نحو الأنشطة الرياضية الترويحية. أظهرت النتائج أن ثمة علاقة قوية بين مستويات الدعم الأسري والمدرسي وبين مشاركة الطلاب في الأنشطة الرياضية. كما بيّنت الدراسة أن الأقران يلعبون دورًا محوريًا في تعزيز الاتحادات الاجتماعية والرغبة في ممارسة النشاط البدني، مما يؤكد على أهمية البيئة الاجتماعية في تعزيز السلوكيات الصحية والرياضية لدى الطلاب. توصي الدراسة بضرورة تعزيز برامج التوعية للآباء والمعلمين لتحفيز الطلاب على ممارسة النشاط الرياضي بانتظام.,1,0.003464203233256351,0.0023094688221709007,6.0,16.0,0.20184104176021567
تتناول الدراسة دور البربر في الجيش الأندلسي خلال عهد المنصور بن أبي عامر، مع التركيز على سياسة المنصور في إعادة هيكلة الجيش. استندت استراتيجيات المنصور على تعزيز الجيش بعناصر بربرية معروفة بشجاعتها وكفاءتها العسكرية، مما أسهم في بناء جيش قوي وفعال. مكّنت هذه السياسة البربر من تبوء مناصب عليا في الهيكل العسكري، وساعدت في تقليص تأثير الأرستقراطية العربية التقليدية. كما استخدم المنصور البربر لمواجهة القوى المناوئة بنجاح في سلسلة من المعارك ضد القوى المسيحية، مسجلًا أكثر من خمسين غزوًا انتهت معظمها بانتصارات. تعتبر هذه الدراسة تحليلًا للاستراتيجيات العسكرية والسياسية للمنصور بن أبي عامر في توظيف البربر بهدف تعزيز قدرات الجيش الأندلسي وتأمين المكاسب الاستراتيجية في مواجهة التحديات الخارجية.,1,0.0,0.002881844380403458,3.0,14.0,0.2083891120035699
هذا البحث يستكشف مفهوم استحالة ترجمة القرآن، وهو مفهوم يعتبره الفقهاء. يناقش البحث لماذا يعتبر القرآن فريدًا ومختلفًا عن النصوص الأخرى، وكيف يمكن أن يكون هذا التمييز مرتبطًا بعاطفة دينية أو يكشف عن حقيقة فريدة للنص القرآني. يتناول البحث أيضًا الكلمات المفتاحية مثل القرآن الكريم، اللسانيات، الترجمة، اللسانيات الإدراكية، واستحالة الترجمة. في النهاية، يهدف البحث إلى إثبات أن استحالة ترجمة القرآن تندرج ضمن القول بفرادة القرآن وتميزه عن غيره من النصوص.,1,0.0,0.004434589800443459,1.0,6.0,0.16440019426906272
"في رواية ""مملكة الفراشة"" يقدم واسيني الأعرج تصوراً فريداً للأنا وتجاذباتها مع الآخر والواقع المتغير باستمرار، حيث يصبح هذا الواقع مصيراً لا مفر منه يستعيد قيود الحرية المفقودة. تبرز الذاتية في الرواية من خلال رسم الشخصيات والأحداث وفق رؤية الأعرج وتأملاته العميقة، مما يعكس تقاطعات تحديث المجتمع المعاصر والأفكار السائدة فيه. تُوضح هذه الدراسة محطات رئيسية في الرواية تسلط الضوء على قدرة الروائي على التعبير عن الأنا المتشبعة بتناقضات العصر، والذي يتجلى بقوة ضمن الإطار السردي التخييلي للرواية. تتجلى البصمة الروائية للأعرج في تعبيره عن رؤيته المتطورة للعالم، والتي قد تنحرف من موقف إلى آخر متضاد أحياناً، مما يعكس حيوية فكره وقدرته على التحليل والنقد. يظهر العمل كلوحة سردية تعبر عن تجارب الأعرج الشخصية والنظرة التحليلية للواقع، مما يكشف عن ديناميكية الرواية في عكس توجهات الزمن الراهن والانعكاسات النفسية والاجتماعية التي تتركها على الفرد والمجتمع. يُظهر تفاعل الأنا مع النسيج الاجتماعي والثقافي كيف يسعى الأعرج إلى تصوير تعقيدات الوعي والوجود من خلال حبكة متقنة تجمع بين الواقعية والرمزية، موضحةً بذلك البعد الفلسفي والحسي للرواية كمرآة لروح العصر وتأملاته الأنطولوجية في الهوية والذات والآخر.",1,0.0,0.0027347310847766638,11.0,21.0,0.14100900475797262
