text,label,prediction
"تدرس هذه الورقة البحثية ظاهرة التناقض في رواية البشير الإبراهيمي ""الضب"". باستخدام تحليل مفصل، يتم فحص هدف الدراسة وهو تحديد واستكشاف حالات التناقض في النص. تتضمن منهجية البحث فحصًا دقيقًا للغة الرواية وهيكلها. تشير النتائج المتوقعة إلى وجود عدة حالات من التناقض، والتي تساهم في تعقيد السرد.",1,1
يستكشف هذا المقال صور العدول في الخطاب القرآني، مع التركيز على الجوانب الدلالية والجمالية للغة القرآن. يسلط الضوء على كيفية استخدام التغييرات في نمط الأسلوب القرآني لزيادة المعنى أو إحالة إلى معاني غامضة. يبرز البحث جذور هذه الظاهرة في كلام العرب، مع التأكيد على أن الخطاب القرآني قام بتطويرها بطريقة فريدة ونسق مثالي. يظهر البحث أيضًا مدى اتساع الدلالة القرآنية وجمال تركيبها، مع التركيز على أهمية تحليل الخطاب القرآني لفهم عمق اللغة القرآنية. يهدف البحث إلى إبراز قيمة علم الدلالة في فهم اللغة القرآنية وتحليل الخطاب القرآني.,1,1
"يتناول هذا البحث موضوع التحصيل عن طريق الإكراه الجمركي في التشريع الجزائري والقانون المغربي. يشير الباحث إلى أن الأصل هو الوفاء بالالتزامات الجمركية ودفع الحقوق الجمركية بشكل طوعي، لكن عندما تفشل الإدارة الجمركية في تحصيل ديونها بالطرق العادية وتلجأ إلى الإجراءات القضائية، تلجأ إلى الإكراه البدني. يعتبر الإكراه البدني وسيلة لتنفيذ عقوبة جنائية، ويهدف إلى تحقيق التوازن الاجتماعي والمساواة بين المكلفين والحد من احتمالية العودة إلى الجريمة.

يدرس البحث المسائل المتعلقة بنظام الإكراه البدني من حيث طبيعته وإجراءاته والأشخاص الخاضعين له. كما يتناول حق المطالبة بهذا النظام والإجراءات القضائية المختصة بتطبيقه. يشير الباحث إلى أن التشريع الجزائري قد وضع أطر قانونية صارمة للإكراه البدني للحفاظ على الحقوق والحريات والالتزام بالمعاهدات الدولية دون التفريط في حقوق الخزينة العمومية.

كلمات مفتاحية: الحقوق الجمركية، الإكراه البدني، الإجراءات القضائية، الغرامات الجمركية، التحصيل الجمركي.",1,1
تهدف الدراسة إلى استكشاف دور صناعة الثقافة ضمن الإيديولوجية الرأسمالية وكيف تؤثر على تشكيل الوعي الجماهيري، مع التركيز على تيودور أدورنو كمنظر من مدرسة فرانكفورت. تعتمد الدراسة على تحليل نقدي لأعمال أدورنو وتستند إلى منهجية بحثية نوعية تقوم على دراسة النصوص وتحليل الخطاب، بهدف الكشف عن الآليات التي يتم بها نشر الإيديولوجية الرأسمالية عبر وسائل الإعلام والثقافة الشعبية وكيفية تأثيرها في تعزيز قيم معينة تسهم في تشكيل توجهات الجمهور. النتائج المتوقعة تشير إلى أن صناعة الثقافة تعمل كأداة للسيطرة الإيديولوجية، ما يؤدي إلى تكييف الأفراد مع الهياكل المجتمعية القائمة دون تشجيع التفكير النقدي أو السعي للتغيير الاجتماعي. تسعى الدراسة إلى تقديم مساهمة مهمة في فهم ديناميكيات القوة الثقافية وتأثيرها على الجماهير، إضافةً إلى إلقاء الضوء على أهمية التفكير النقدي في مواجهة هذه التأثيرات.,1,1
البحث يهدف إلى استكشاف تطور اللغة العربية وعلومها في بلاد السودان الغربي خلال الفترة من القرن العاشر إلى الثاني عشر الهجري (القرنين السادس عشر إلى الثامن عشر الميلادي). من خلال تحليل الأدبيات التاريخية والمخطوطات الأثرية، تسعى الدراسة إلى فهم التأثير الثقافي والاجتماعي للغة العربية في هذه المنطقة، مع التركيز على التحولات الرئيسية في النحو والبلاغة اللغوية. المنهجية تشمل دراسة مقارنة بين المصادر التاريخية المكتوبة واستخدام التحليل النصي لتحديد مدى انتشار اللغة العربية واستخدامها في التعليم والحياة اليومية. تشير النتائج المتوقعة إلى أن اللغة العربية لم تكن مجرد أداة للتواصل بل كانت وسيلة لنقل المعرفة والتعليم، حيث لعبت دوراً محورياً في الحياة الثقافية والاجتماعية. من المتوقع أيضاً أن تُظهر الدراسة كيف ساهمت اللغة العربية في تطور الأدب والفكر في هذه المجتمعات.,1,1
أدخل القانون رقم 15/01 صندوق النفقة كآلية إحتياطية فعالة للمطلقة الحاضنة والطفل المحضون، مما يضمن الحقوق الأساسية ويمنع الطفل من الإنحراف والحرمان. ومع ذلك، فإن القانون لا يفرق بين حالات سقوط الحق في النفقة بين الطفل المحضون والمطلقة الحاضنة. من خلال أحكام الشريعة وقرارات المحكمة العليا، نحدد هذا الفراغ القانوني، مع ملاحظة أن المشرع قد استبعد فئة كبيرة من الاستفادة من الصندوق، مما قد يثير نقاشا في المستقبل.,1,1
"يتناول هذا البحث موضوع مركز قانون القاضي في تنازع القوانين، حيث يناقش تطور العلاقات الدولية وانحسار فكرة الإقليمية في الفكر القانوني. مع تزايد قبول الدول للقوانين الأجنبية بجانب قوانينها المحلية، أصبح من الضروري وضع قواعد قانونية تضبط تطبيق هذه القوانين.

يهدف البحث إلى تحديد مركز قانون القاضي وكيفية تطبيقه في مواجهة القوانين الأجنبية. يتم ذلك من خلال دراسة قواعد الإسناد التي توجه القاضي إلى القانون الواجب التطبيق على المراكز القانونية ذات العنصر الأجنبي.

يواجه البحث تحدياً يتمثل في الطبيعة المزدوجة لقواعد التنازع، حيث يمكن أن تمنح الاختصاص لقانون القاضي أو للقانون الأجنبي. لذلك، يتم البحث عن مركز قانون القاضي وتحديد مواطن تطبيقه بالنسبة للقانون الأجنبي.

بعد إجراء موازنة بين قانون القاضي والقانون الأجنبي، يخلص البحث إلى أن قانون القاضي يتمتع بمركز راجح ضمن قواعد التنازع لحل المنازعات الدولية الخاصة مقارنة بالقانون الأجنبي. يعود ذلك إلى أن قانون القاضي يجد ثلاثة مواطن لتطبيق في قواعد التنازع، بينما يجد القانون الأجنبي تطبيقاً راجحا واحداً قد يفقده إذا ما اعترضته عقبات.

كلمات مفتاحية: مركز قانون القاضي، القانون الأجنبي، تطبيق قانون القاضي.",1,1
تستعرض هذه الدراسة جوانب عقوبة الإعدام في سياق القانون الدولي لحقوق الإنسان، نظراً لأثرها البالغ على الحق في الحياة وكونها من أقسى العقوبات المتاحة. تسعى الدراسة إلى توضيح الموقف القانوني الدولي من هذه العقوبة والخلاف المستمر بين الدول حول استمرار تطبيقها. رغم وجود معاهدات عالمية وإقليمية تدعو إلى إلغاء عقوبة الإعدام وتعزيز التحركات الرسمية التابعة للأمم المتحدة في هذا السياق مثل إصدار قرارات تهدف إلى وقف استخدام العقوبة، يظل الجدل قائماً بين الدول حول الإبقاء على العقوبة أو إلغائها أو تجميدها. تشير النتائج إلى أن معظم الدول المستمرة في تطبيق عقوبة الإعدام لا توفر حماية كافية لحقوق المحكوم عليهم ولا تلتزم بالمعايير الدولية للمحاكمة العادلة وحقوق الإنسان، مما يدعو إلى مراجعة جادة لهذه الممارسات لضمان توافقها مع الالتزامات الدولية في حماية الحقوق الأساسية.,1,1
هدفت هذه الدراسة إلى فحص العلاقة بين قلق المستقبل وفعالية الذات لدى عينة من طلاب الجامعة. استخدمت الدراسة المنهج الوصفي بشقيه الارتباطي والمقارن، وشملت العينة 449 طالبًا وطالبة من التخصصين العلمي والأدبي للعام الجامعي 2016-2017. تم اختيار العينة باستخدام المعاينة العشوائية الطبقية. تم تطبيق مقياس قلق المستقبل (المشيخي، 2009) ومقياس فعالية الذات (إعداد الباحث، 2016). توصلت الدراسة إلى النتائج التالية: توجد علاقة ارتباطية بين درجات قلق المستقبل ودرجات فعالية الذات لدى عينة الدراسة. تختلف درجات قلق المستقبل باختلاف مستويات فعالية الذات (مرتفعة - منخفضة) لدى عينة الدراسة. لا توجد فروق ذات دلالة إحصائية في درجات قلق المستقبل بين التخصصين العلمي والأدبي لدى عينة الدراسة.,1,1
يستكشف هذا البحث شعرية التشكلات الصوتية في شعر محمد بلقاسم خمار، ويقوم بتحليل بنائية نسق التكرار من خلال قراءة أسلوبية. يهدف البحث إلى الكشف عن دور التشكلات الصوتية في بناء المعنى الشعري وتأثيرها على النمط اللغوي والفني في شعر خمار. يعتمد البحث على منهجية تحليلية نقدية، حيث يتم فحص وتحليل القوافي والجوانب الصوتية الأخرى في شعر خمار. من خلال هذه الدراسة، يتوقع البحث أن يبرز أهمية التشكلات الصوتية في شعر خمار ومدى تأثيرها على بنية نسق التكرار، مما يضيف بعدًا جديدًا لفهم الشعر العربي الحديث.,1,1
تستقصي هذه الدراسة أسباب انخفاض اكتساب المفاهيم الفيزيائية بين طلاب المدارس المتوسطة في الجزائر. باستخدام نهج مختلط، تم جمع البيانات من خلال استبيانات الطلاب، والمقابلات مع المعلمين، ومراجعة المناهج الدراسية. تشير النتائج إلى أن العوامل المساهمة تشمل طرق التدريس غير الكافية، وعدم وجود تطبيقات عملية، وعدم كفاية الموارد التعليمية. يُوصى بمراجعة شاملة للمناهج الدراسية وأساليب التدريس.,1,1
يستكشف هذا البحث المعنون بـ 'دلالة المفردات بين الصناعة النحوية والمعنى في إحكام الأحكام لابن دقيق العيد (ت:702ه)'، العلاقة بين النحو والمعنى في شرح ابن دقيق العيد على عمدة الأحكام. يُبرز البحث أهمية تحليل المفردات في فهم النص، ويُقارن بين نهج ابن دقيق العيد والمفسرين وشراح الشعر.,1,1
تُعدّ القاعدة النحوية أحد أهمّ الجوانب التي تُشكّل أساساً للمنظومة التربوية الجزائرية، حيث يُعدّ اكتساب المعرفة اللغوية نتيجة مباشرة للممارسة الفعلية لهذه المعرفة داخل اللغة المتداولة بين أفراد المجتمع. تهدف المنظومة التربوية إلى خلق مقاربة فاعلة بين المتعلم والمادة التعليمية، التي تخضع لقيود إبستمولوجية محددة وليست وليدة الصدفة. يُشكل التركيز على المادة اللغوية أحد أهم المساعي التي يجب على المدرس الاعتناء بها، خاصة في المراحل الإعدادية، التي تمثل مرحلة حساسة في حياة المتعلم، حيث تبنى عليها المعارف اللاحقة له. إنّ تحقيق الملكة اللغوية للمتعلم يتطلب جعلها واقعاً يعيشه في المدرسة والحياة التعليمية بجميع مكوناتها.,1,1
التاريخانية الجديدة هي فرع أساسي من فروع الدراسات الثقافية يركز على القيمة التفسيرية للأدب من خلال ربط النصوص بسياقاتها الثقافية والسياسية والاجتماعية. تهدف هذه المنهجية إلى كشف البنى السلطوية وعلاقات القوة المخفية داخل النصوص. تستمد التاريخانية الجديدة من مجموعة متنوعة من التخصصات المعرفية، بما في ذلك الأنثروبولوجيا التأويلية والماركسية، وتستند إلى أعمال الفيلسوف الفرنسي ميشيل فوكو حول الخطاب والسلطة. يعتقد التاريخانيون الجدد أن النصوص الأدبية تعكس الصراعات السياسية في عصر الكاتب وتؤثر على حياة الفرد داخل المجتمع.,1,1
قد تم تعديل العديد من النصوص المتعلقة بجرائم الصحافة، لاسيما تلك الواردة في قانون الإعلام، الذي عدّل استبدل بالقانون العضوي 12 – 05 في خضم موجة قوانين الإصلاح السياسي الذي شهدته الجزائر في مطلع سنة 2012، وقد نص هذا القانون صراحة على ترقية العمل الصحفي وحمايته، وفي مقابل ذلك نص صراحة على أن هذا القانون يهدف إلى تحديد المبادئ والقواعد التي تحكم ممارسة الحق في اّلإعلام وحرية الصحافة، التي يجب أن تمارس في ظل احترام الدستور، وكذا احترام الدين الإسلامي وبقية الأديان، والهوية الوطنية والقيم الثقافية للمجتمع، والسيادة والوحدة الوطنية، ومتطلبات الدفاع والنظام العام، وغيرها من ضوابط العمل الإعلامي، والسؤال الذي يطرح في هذا الصدد هو: ما الجزاءات الجنائية المرصودة لمخالفة الضوابط المقيدة لحرية التعبير؟وهذا ما سنحاول الإجابة عليه من خلال التركيز على الجرائم التي تضمنها القانون العضوي الجديد المتعلق بالإعلام، الذي حذف الكثير من الجرائم التي كان ينص عليها القانون القديم، كما قام بتجنيح كل الجرائم، والأكثر من ذلك أنه لم يبق إلا على الغرامات الجزائية، وهذا كضمانة أولى لتحرير الإعلام وحرية الصحافة..,0,0
تهدف هذه الدراسة إلى تحليل دور السياسة المالية في تحقيق الاستقرار الاقتصادي الكلي في الجزائر خلال الفترة من 2001 إلى 2016. لتحقيق هذا الهدف، سيتم استخدام منهجية تعتمد على تحليل البيانات الاقتصادية الكلية والمؤشرات المالية. من المتوقع أن تظهر النتائج تأثير السياسة المالية على النمو الاقتصادي، التضخم، وميزان المدفوعات. بالإضافة إلى ذلك، ستساهم هذه الدراسة في فهم أفضل للعلاقة بين السياسة المالية والاستقرار الاقتصادي الكلي في الجزائر وتقديم توصيات لتحسين فعالية السياسة المالية في تحقيق الاستقرار الاقتصادي.,1,1
"يستعرض هذا البحث خصوصية الخطاب الثوري في روايات محمد مفلاح، ويتناول بشكل خاص روايتي ""الانفجار"" و""خيرة"" و""الجبال"". يسلط البحث الضوء على كيفية تعامل المفلاح مع تيمة الثورة والمقاومة في رواياته، مع التركيز على صورة الآخر والمرأة الجزائرية خلال فترة التحرير. يظهر البحث كيف كشف الخطاب الثوري في روايات المفلاح عن البطولة والشجاعة الجزائرية، وكيف صورت المرأة الجزائرية خلال هذه الفترة. يبرز البحث أيضاً كيف تعامل المفلاح مع فكرة المشاركة بين الرجل والمرأة في النضال من منظور تاريخي وثقافي جزائري. يعتبر البحث مساهمة في فهم خصوصية الخطاب الثوري في الأدب الجزائري المعاصر، ويعكس جوانب هامة من الثورة الجزائرية وتأثيرها على المجتمع الجزائري.",1,1
"تهدف هذه الدراسة إلى تحليل دور مجلس المنافسة في الجزائر كآلية لتعزيز وحماية مبدأ حرية المنافسة. تعتبر هذه الدراسة مهمة لفهم تأثير المجلس على الاقتصاد الجزائري وكيفية تنظيمه للسوق.

تخلص الدراسة إلى أن مجلس المنافسة شهد تطوراً ملحوظاً في السنوات الأخيرة، حيث بدأ يمارس صلاحياته الاستشارية والردعية بشكل أكثر فعالية. ومع ذلك، تشير الدراسة إلى أن المجلس لم يكن نشطاً بشكل كبير في السنوات السابقة، مما أدى إلى غياب حصيلة نشاطاته بين عامي 1995 و2013 وضعف رصيد نشاطاته بين عامي 2013 و2018.

تقدم الدراسة توصيات واقتراحات لتحسين أداء مجلس المنافسة وتعزيز دوره في تنظيم السوق وحماية مبدأ حرية المنافسة في الجزائر.",1,1
"تهدف هذه الدراسة إلى تحليل تأثير مراقبة التسيير على قياس وقيادة أداء الموارد البشرية في المؤسسات العمومية للقطاع الصناعي في الجزائر. لتحقيق هذا الهدف، تم استخدام منهج مختلط يجمع بين الاستبيان والمقابلات مع المديرين والموظفين، بالإضافة إلى تحليل الوثائق والسجلات الإدارية.

توقع الدراسة أن تظهر النتائج وجود علاقة إيجابية بين مراقبة التسيير وتحسين أداء الموارد البشرية، حيث تساعد مراقبة التسيير على تحديد النقاط القوية والضعيفة وتوجيه الجهود لتحسين الأداء. كما يتوقع أن تساهم الدراسة في توفير توصيات للمؤسسات العمومية للقطاع الصناعي في الجزائر لتعزيز ممارسات مراقبة التسيير وقياس وقيادة أداء الموارد البشرية بشكل أكثر فعالية.",1,1
"يتناول هذا البحث تدريس البلاغة العربية في مرحلة السنة الأولى ثانوي من منظور المقاربة بالكفاءات. يهدف البحث إلى تعريف البلاغة لغوياً واصطلاحياً وتحليل عناصرها الأساسية. كما يناقش البحث أهمية تحديد الكفاءات المستهدفة من الدرس وكيفية تحقيقها من خلال تدريس البلاغة.

يبدأ البحث بالتمهيد وطرح أسئلة تتعلق بالنص الأدبي أو ربطه بالدرس النحوي السابق. يعتبر هذا النوع من التقويم تشخيصي ويجرى في بداية كل صفحة. يجب أن لا يشير المعلم إلى مشاكل النص أثناء تقديم الملخص، بل يركز على الموضوع الرئيسي والأهداف المتوقعة من تدريس البلاغة.",1,1
تتناول هذه الورقة البحثية تحليل المادة 140 مكرر من القانون المدني الجزائري، من حيث الإطار القانوني والمسؤولية المتعلقة بمنتجات العيوب، كما تم تعديلها عام 2005. يهتم البحث بتحديد الأساس القانوني الذي يحكم مسؤولية المنتجين، واستكشاف كيفية تنفيذ وتفسير هذه الأحكام في السياقات القضائية المختلفة. تعتمد المنهجية على تحليل دقيق للنصوص القانونية والاجتهادات القضائية ذات الصلة، مع استعراض للسوابق القانونية والتعديلات التي طرأت على القانون، بالإضافة إلى المقارنة مع الأنظمة القانونية المماثلة. يتوقع البحث تحقيق فهم أعمق للحد من مخاطر المنتجات وتأمين تعويض عادل للمستهلكين المتضررين، وهو ما يساهم في تعزيز الثقة بين المستهلكين والشركات. تشير النتائج المحتملة إلى الحاجة لمراجعات إضافية للقانون لتحسين فعاليته، بالإضافة إلى توصيات لتطبيق أفضل لإجراءات التقاضي المتعلقة بمسؤولية المنتج، مما يدعم تطوير نظام قانوني أكثر شمولية واتساقًا.,1,1
"في سياق العلاقة السياسية الثنائية بين الدولة السعدية بالمغرب الأقصى وبين الدولة العثمانية، قام السلطان السعدي أحمد المنصور الذهبي في سنة 997هـ/1589م ببعث سفارة دبلوماسية إلى السلطان العثماني مراد الثالث، كان على رأسها العالم علي بن محمد التمقروتي، بهدف توطيد الصلح والسلام بين الدولتين.وقد انتقلت تلك السفارة من فاس إلى عاصمة الخلافة العثمانية إسطنبول، سالكة الطريق البحري الذي ينطلق من تطوان ويمر عبر المدن الساحلية لأقطار شمال إفريقيا، وحتى طرابلس ومنها إلى القسطنطينية، ثم العودة عبر نفس الطريق وحتى فاس، وعقب نهاية المهمة ورجوع التمقروتي إلى قريته سنة 1591م، قام بتدوين تفاصيل تلك الرحلة، في كتاب أسماه ""النفحة المسكية في السفارة التركية"".فأنتج التمقروتي مصنفا ينتمي إلى أدب الرحلة، غني بكل ما شاهده من مناظر وعمارة وحوادث وأخبار في المحطات التي مر بها، مما جعله يصبح مصدرا مهما في شتى الأخبار السياسية والاقتصادية والثقافية والاجتماعية، عن تلك الحقبة من تاريخ بلدان المغرب وعاصمة الخلافة العثمانية..",0,0
إن الأمة العربية كانت في طليعة الأمم في مجال الإنتاج المعجمي، بخاصة في القرون الأولى التي تلت بزوغ نور الإسلام. في تلك الحقبة ظهرت أشهر المعاجم كالعين للخليل ولسان العرب لابن منظور...كما اشتملت مقدمات بعض المعاجم على كثير من الأفكار الرائدة في المعجمية.لكن العــالم العـــــــربي تعرض لكثير من المحـــــــــــــن، كانت أشــــــدهــــــــــا عليه القلاقـــل الاجتماعية، مما أثر سلبا على العمل المعجمي. وفي الوقت ذاته عــــــــرف الغرب في عصر النهضـــــــــــة (la renaissance) تحــــــولا اجتماعيـــــــــــــــــــا كبيرا. وأصبحــــــــــــت كل من المعجميـــــــــــــــة والمفرداتية (La lexicologie) من العلوم التي تفرد لها المؤلفات وتدرس فيها المواضيع ذات الصلة بالمعجم، كالتعريف المعجمي، والترتيب المعجمي، المداخل، وغيرها.ويرجع الفضل في بعث العمل المعجمي العربي من جديد إلى ثلة من اللغويين على رأسهم رفاعة رافع الطهطاوي الذي نقل إلى مصر كثيرا من الأساليب الفرنسية في تعاملهم مع اللغة أثناء تواجده بفرنسا.,0,0
يُعد الاستثمار في تنمية الموارد البشرية عنصرًا حاسمًا في تحسين التسيير الرياضي، حيث تعتبر الموارد البشرية الثروة الحقيقية للأمم المتقدمة. إن التخطيط الاستراتيجي والبرامج المحددة لتنمية هذه الثروة البشرية على مدار عقود من الزمان قد نجحت فيما خططت ونفذت، حيث يمكن للعنصر البشري التغلب على ندرة الموارد الطبيعية من خلال الاستغلال الأمثل لطاقات المجتمع العلمية والإنتاجية. إن الموارد الطبيعية والأموال المتاحة لا تغني عن العنصر البشري الكفء والماهر والفعال، حيث تعتبر هذه العناصر ضرورية لتحقيق الرفاهية والتقدم الاقتصادي للدولة. يهدف هذا البحث إلى دراسة واقع الاستثمار في الموارد البشرية في وزارة الشباب والرياضة ومدى انعكاسه على تسييرها، من خلال إجابة على أسئلة حول إستراتيجية استقطاب الموارد البشرية وعمليات انتقاء وتعيين الموارد البشرية وسياسة تكوين وترسلكة الموارد البشرية ونظام تقييم الموارد البشرية ومعايير الحوافر والمنح والترقيات.,1,1
يعتبر السوق المالي من بين القطاعات التي مسها الإصلاح الإقتصادي وتكرس ذلك في إنشاء بورصة القيم المنقولة في الجزائر بموجب المرسوم التشريعي 93/10 المؤرخ في 23 ماي 1993 المعدل والمتمم بموجب القانون 03/04 المؤرخ في 17 فيفري 2003 والذي كان مواكبا بدوره لأول قانون متعلق بالإستثمار في مرحلة اقتصاد السوق.ولماكان السوق المالي مجالا خصبا لتداول رؤوس الأموال والقيم المنقولة كان من الضروري إنشاء آلية قانونية مستقلة من أجل ضبط مختلف النشاطات القائمة فيه من وساطة مالية وغيرها، وهو ماتم فعلا من خلال إنشاء لجنة تنظيم ومراقبة عمليات البورصة.فماهو النظام القانوني لهذه اللجنة ومامدى فعاليتها واستقلاليتها في ضبط السوق المالي في الجزائر؟إن الإجابة على هذه الإشكالية ستتم من خلال تقسيم هذا البحث إلى مبحثين، نتناول في الأول الإطار الهيكلي والوظيفي للجنة تنظيم ومراقبة عمليات البورصة أما الثاني فسيتناول: تقييم دور لجنة تنظيم ومراقبة عمليات البورصة..,0,0
"قامت الدراسة الحالية بتقييم الخصائص السيكومترية لمقياس ماسلاش للإحتراق النفسي من حيث الصدق والثبات في عينة من العاملات المتزوجات في قطاع الصحة في ولاية عنابة (ن = 280) باستخدام نمذجة المعادلة الهيكلية (التحليل العاملي التوكيدي) من خلال برنامج ""أموس 20"". تم تقدير الثبات باستخدام ألفا كرونباخ والثبات المركب. أظهرت نتائج التحليل بنية عاملية ثلاثية للمقياس (الإرهاق العاطفي، تبلد المشاعر، نقص الشعور بالإنجاز)، مع مؤشرات مطابقة جيدة، ومؤشرات ثبات جيدة لأبعاد المقياس.",1,1
يهدف هذا البحث إلى دراسة أنواع الجملة في شعر أبي الحسن علي بن صالح من خلال تحليل النحوي والبلاغي. يعتمد البحث على منهجية تحليلية يُستخدم فيها الإحصاء الوصفي لدراسة التكرار النسبي لأنواع الجمل في شعر أبي الحسن. يُتوقع أن يظهر البحث تبايناً في استخدام أنواع الجمل في شعر أبي الحسن، وأن يبرز دور الجمل الاسمية في بناء المعنى والبلاغة في شعره. كما يُتوقع أن يسلط البحث الضوء على استخدام أبي الحسن للجمل الفعلية في تعبيره عن المشاعر والوجدان. ومن خلال دراسة أنواع الجملة في شعر أبي الحسن، يهدف البحث إلى المساهمة في فهم أعمق للغة الشعرية وآلياتها البلاغية.,1,1
"ظاهرة البطالة في الجزائر بين الواقع والطموحات

يتمحور هذا البحث حول ظاهرة البطالة في الجزائر، حيث تُعتبر من أكبر المشكلات التي تواجه الاقتصاد الجزائري. يُظهر البحث أن البطالة في الجزائر تُعتبر ظاهرة اقتصادية واجتماعية تعكس أوجه القصور في السياسات الاقتصادية والاجتماعية. يُشير البحث إلى أن معدل البطالة في الجزائر يُعد من أعلى المعدلات في المنطقة، حيث بلغ 11.3% في عام 2008. يُبرز البحث أن البطالة في الجزائر تُؤثر بشكل كبير على الشباب، حيث يُعدّ الخريجون من الجامعات من أكثر الفئات تضرراً من البطالة. يُشدد البحث على ضرورة وضع استراتيجيات فعالة للحد من البطالة في الجزائر، حيث يُعتبر ذلك من أهم التحديات التي تواجه الحكومة الجزائرية. يُقدم البحث تحليلاً شاملاً للواقع الاقتصادي والاجتماعي في الجزائر، ويشدد على ضرورة تطوير سياسات اقتصادية واجتماعية فعّالة للحد من البطالة. يُعدّ البحث من الدراسات المهمة التي تسهم في فهم أسباب البطالة في الجزائر وآثارها على الاقتصاد والاجتماع.",1,1
هدفت هذه الدراسة إلى تحليل تأثير موازنة مبيعات البذور على تحسين مردودية محاصيل الحبوب في تعاونية الحبوب والبقول الجافة بأم البواقي خلال الفترة من 2017 إلى 2021. توصلت الدراسة إلى أن التعاونية لا تولي اهتماماً كافياً لأساليب التنبؤ بالمبيعات، وخاصة الأساليب الكمية، ولا تعطي موازنة مبيعات البذور الأهمية اللازمة في تنظيم سير المنتجات وزيادة المحاصيل. من خلال تحسين موازنة مبيعات البذور، يمكن للتعاونية تعزيز مردودية محاصيل الحبوب وتحقيق توازن أفضل في موازناتها الاقتصادية.,1,1
هذا البحث يهدف إلى استكشاف تأثير رأس المال البشري على النمو الاقتصادي على المدى الطويل في الجزائر. يستخدم البحث أدوات الاقتصاد القياسي لتحليل العلاقة بين رأس المال البشري، الذي يتم قياسه من خلال عدد حاملي الشهادات العليا، عدد المسجلين في التعليم الأساسي، الثانوي، والتعليم بكل أطواره، والنمو الاقتصادي، الذي يتم قياسه بالناتج المحلي الإجمالي. النتائج تشير إلى أن رأس المال البشري له تأثير إيجابي على النمو الاقتصادي على المدى الطويل في الجزائر، ولكنه أقل من تأثير رأس المال المادي والعمل. ومع ذلك، يظل تأثير رأس المال البشري معتبرًا. البحث يشدد على أهمية الاستثمار في التعليم والتكوين لزيادة رأس المال البشري، الذي بدوره يساهم في النمو الاقتصادي. الجزائر، مثل العديد من الدول النامية، تسعى للاستثمار في رأس مالها البشري لتلبية متطلبات النمو الاقتصادي.,1,1
يسعى هذا البحث إلى إجراء مقارنة بين التأويل في النص المتشابه والنص المفتوح، حيث يرتبط النص المتشابه بثقافة دينية عربية إسلامية، أي بالقرآن الكريم، بينما يرتبط النص المفتوح بثقافة غربية وهو من مخلفات ما بعد الحداثة. يجمع بين النصين منهج واحد هو المنهج التأويلي. يهدف البحث إلى إثبات روح التأصيل والسبق لظواهر ومناهج نقدية معاصرة في التراث النقدي والبلاغي عند العرب. يبحث في التراث عن مراجع وأصول وأفكار لفرضياتها، ويسعى إلى إجراء مقارنة بين التأويل في النصين.,1,1
تُدرس هذه الورقة البحثية التقييم وفق المقاربة بالكفاءات، حيث تُحلل فعاليتها من خلال عدسة وجهات نظر علمية مختلفة. الهدف الأساسي هو تقييم نقاط القوة والضعف في هذا النهج، مع التركيز على تأثيره في نتائج التعلم. تُستخدم أساليب البحث النوعية والكمية لجمع البيانات وتحليلها، مما يوفر نظرة شاملة على الموضوع. تشير النتائج إلى أن التقييم وفق المقاربة بالكفاءات، على الرغم من فوائده في تعزيز المهارات العملية وقدرات حل المشكلات، قد يُغفل أحيانًا عن أهمية المعرفة النظرية. يُخلص البحث إلى أن النهج المتوازن الذي يُعطي قيمة متساوية للمعرفة والمهارات هو أمر ضروري للتعليم الفعال.,1,1
يروم هذا البحث دراسة العلاقة بين مفهومي الثقافة والهوية عند فرانز فانون وهومي بابا، مع التركيز على دور العنف في تشكيل هذه المفاهيم. يسلط البحث الضوء على كيفية استخدام فانون للعنف كحدث لا محيطة معاشة يؤثر في فهمه للثقافة والهوية، ومدى تأثير هذا النهج على نتائج بحثه. في المقابل، ي探ع البحث في كيفية استخدام بابا لنظرية فانون في صياغة نظريته الخاصة حول الهوية والثقافة في سياق ما بعد الكولونيالي. يهدف البحث إلى تحديد ما إذا كان بابا قد طور نظريات فانون أو حاول تحويرها، ومدى التأثير الذي أحدثته أفكار فانون على نتائج بابا. يلقي البحث الضوء على التفاعل بين الأفكار النظرية والسياقات التاريخية والثقافية التي تشكلت فيها.,1,1
تعد خزائن المخطوطات في المنطقة التواتية من بين أبرز الموارد التاريخية والاجتماعية والاقتصادية، حيث تحتضن وثائق متنوّعة تتعلق ببيع وتحبيس وإقراض الكتب. تقدم هذه الوثائق رؤى معمّقة وتحليلات أكاديمية حول تلك الفترات الزمنية. تركز الدراسة على وثيقة بيع كتب الخزانة البكرية بتوات عام 1300هـ/1883م، باعتبارها نموذجًا غنيًا للاستخدام التاريخي للمخطوطات. تكشف الوثيقة عن طبيعة المخطوطات من حيث الموضوع والقيمة المالية وانتقال الملكية، مما يعكس الظروف الثقافية والاقتصادية آنذاك. تتضح من خلال الوثيقة الظروف المعقدة التي واجهتها خزائن المخطوطات داخل الزوايا التعليمية والدينية في تلك الفترة، حيث أدت الضغوط الاقتصادية وتراجع الموارد المالية إلى استخدام المخطوطات كمصدر لتسديد الالتزامات المالية للزوايا وشيوخها. تُظهر الدراسة كيف أن بيع هذه المخطوطات يمثل استراتيجية للبقاء والتكيف مع المتغيرات الاقتصادية، مما يعزز فهمنا للدور المحوري للمخطوطات في المجتمع التواتي آنذاك. كما تسلط الضوء على أهمية الحفاظ على مثل هذه الوثائق لفهم التطورات الاقتصادية والاجتماعية ودورها في إثراء البحث الأكاديمي حول تلك الفترة التاريخية. تؤكد الوثيقة على الأهمية المستمرة لخزائن المخطوطات، ليس فقط كمصادر معرفية، بل أيضًا كعناصر فعالة في التفاعل الاجتماعي والاقتصادي.,1,1
"تستهدف هذه الدراسة تحليل الإشكاليات اللفظية ودلالاتها في معجم ""معاني القرآن"" للأخفش، مركزةً على كيفية تفسير المصطلحات القرآنية وتأطير معانيها ضمن السياقات المختلفة. اعتمدت الدراسة على منهج تحليلي نقدي، يرتكز على مقارنة وتحليل النصوص اللغوية والاصطلاحية، مع إمعان النظر في السياقات القرآنية المختلفة واستشراف الدلالات الكامنة فيها. بدأت الدراسة بمراجعة شاملة للأدوات اللغوية والمنهجيات التحليلية المستخدمة من قبل الأخفش، مسلطة الضوء على التقنيات التي طبقها في تصنيف الألفاظ وفهم معانيها العميقة. توصلت النتائج الأولية إلى أن الأخفش استخدم استراتيجيات تفسيرية متنوعة لإضفاء معانٍ متعددة على المصطلحات، مما يعكس تعمقاً وتداخلاً في الفهم اللغوي للقرآن. يُتوقع أن تقدم هذه الدراسة رؤىً جديدة حول دور اللغة في الكشف عن المعاني القرآنية، وتسلط الضوء على الإسهامات القيمة للأخفش في تفسير المصطلحات القرآنية وفهم الأبعاد الدلالية للنصوص المقدسة.",1,1
تهدف الدراسة الحالية إلى التعرف على العلاقة بين تمثل السلطة واستراتيجيات إدارة الصف لدى المدرسين. من أجل ذلك أجرى الباحث الدراسة على عينة مكونة من 204 أستاذا من التعليم الثانوي في جميع المستويات التعليمية.وتم تصميم مقياس تمثل السلطة ومقياس استراتيجيات إدارة الصف بغرض استقاء المعلومات المطلوبة، وخلصت النتائج إلى عدم وجود علاقة ارتباطيه بين تمثل السلطة واستراتيجيات إدارة الصف لدى المدرس، وكذا عدم وجود فروق ذات دلالة إحصائية في أبعاد المقاييس تبعا لمتغير الجنس والأقدمية..,0,1
"تهدف هذه الدراسة إلى تحديد مدى تطبيق استراتيجيات تعديل السلوك في تحقيق أهداف التربية البدنية في المرحلة المتوسطة من وجهة نظر الأستاذ الرئيسي. تم استخدام المنهج الوصفي على عينة من تسعة أساتذة للتربية البدنية في ولاية الطارف. تم تصميم استبيان مكون من 15 فقرة متعددة الخيارات لجمع البيانات وتحليلها إحصائياً. أظهرت النتائج تبايناً في تطبيق استراتيجيات تعديل السلوك بين عينة الدراسة. توصي الدراسة بتبني استراتيجيات أكثر فعالية لتحقيق أهداف التربية البدنية.

الكلمات المفتاحية: استراتيجية تعديل السلوك، التعليم، التربية البدنية والرياضة.",1,1
يحلل هذا البحث دور العرفان في شعر أديب كمال الدين، حيث يركز على العلاقة بين الشعر والعرفان الإسلامي. يُظهر البحث كيف استخدم أديب كمال الدين الشعر كوسيلة لوصول إلى الله تعالى والفناء فيه، من خلال استكشاف معاني الحروف والصور الشعرية. يُظهر البحث أيضًا كيف حظي البحث عن دور العرفان باهتمام واسع باعتباره عنصرًا فعالًا في النقد والتحليل للنصوص الأدبية. يُعتبر هذا البحث مساهمة هامة في فهم العلاقة بين الشعر والعرفان في الأدب العربي.,1,1
"تتناول هذه الدراسة موضوع التماسك الأسري ودوره في تحقيق الضبط الاجتماعي في الجزائر. تهدف الباحثة إلى فهم دور المؤسسة الأسرية في الحفاظ على تماسكها وتحقيق الضبط الاجتماعي. استخدمت الدراسة المنهج الوصفي وجمعت البيانات من خلال استبيان يقيس إسهام التماسك الأسري في تحقيق الضبط الاجتماعي. تم تطبيق الدراسة على عينة من 264 أسرة متنوعة في الخصائص التعليمية والاقتصادية. توصلت الدراسة إلى أن المؤسسة الأسرية تلعب دوراً أساسياً في تحقيق ضبط وتنظيم المجتمع وتعزيز السلوك الإيجابي لأفرادها.

كلمات مفتاحية: التماسك الأسري، الضبط الاجتماعي، المجتمع.",1,1
التراث النحوي العربي يعتبر من أعظم الكنوز الثقافية التي نفخر بها، إذ يمثل حصيلة جهود مكثفة بذلها العلماء العرب في تقعيد وتوثيق اللغة العربية. ومع تكشف الأبعاد العميقة لهذا التراث، برز في العصر الحديث توجه نحو إعادة قراءته وتحليله برؤية جديدة تتناسب مع متطلبات الزمن المعاصر. هذا الاهتمام يعكس سعيًا مجتهدًا لتحقيق الارتباط بين أصول النحو العربي وأحدث النظريات اللغوية في العالم. لقد قاد العديد من اللغويين العرب، الذين تأثروا بالمدارس الغربية وأساليبها، حركة علمية تهدف إلى تحديث وإصلاح التراث النحوي العربي، مما يساعد في تسهيل وتعزيز استخدامه في السياقات المعاصرة. يسعى هؤلاء العلماء جاهدين إلى تقديم حلول عملية وبحوث مبتكرة تحقق توازنًا بين الحفاظ على الأصالة اللغوية وبين متطلبات التبسيط والتجديد الضرورية للحفاظ على حيوية النحو العربي في ظل التغيرات الثقافية والتكنولوجية الراهنة. إن هذه المبادرات ليست فقط محاولات لإحياء الثقافة العربية فحسب، بل تسعى أيضًا إلى إغناء الحوار بين التراث العربي وأحدث الاتجاهات العالمية في علوم اللغة، مما يساهم فعليًا في إحداث نقلة نوعية في فهم وتطبيق النحو العربي بطرق تُعزز من دوره في المشهد اللغوي الدولي.,1,1
يظهر تدخل الدولة في مجال العقود من خلال ضبط صفة التعاقد بإعطاء السلطات الإدارية المستقلة صلاحيات تقرير منح الرخص من عدمه لكل من يطلب هذه الصفة كي يباشر إبرام العقود مع الغير، ولها حق توقيع جزاءات إدارية على إخلال طالب الرخصة، وهذا يدل على حرصها على تنظيم السوق الاقتصادية وما تبذله من مجهود لرعاية العلاقات التعاقدية وتحقيق المصلحة العامة لأفراد المجتمع. لتكريس هذا التدخل في المجال الإقتصادي، قام المشرع بسن قوانين خاصة لتقيد حرية التعاقد وتوجيه العقد وجعله وسيلة حمائية للمتعاقد الضعيف والهدف منها خدمة المصلحة العامة للطرفين، لهذا ضبط العلاقة التعاقدية بقواعد آمرة وقرر عقوبات صارمة للإخلال بها.,0,0
تهدف هذه الدراسة إلى تحليل تأثير التكتلات الاقتصادية الإقليمية على التجارة البينية، مع التركيز على حالة جماعة التنمية للجنوب الإفريقي (SADC). لتحقيق هذا الهدف، سيتم استخدام منهج بحثي يعتمد على مراجعة الأدبيات والدراسات السابقة المتعلقة بالتكتلات الاقتصادية والتجارة البينية في منطقة SADC. من المتوقع أن تسلط النتائج الضوء على مدى تأثير هذه التكتلات على تعزيز التجارة البينية بين دول SADC وتحديد العوامل الرئيسية التي تساهم في تحقيق هذا التأثير. يمكن أن تكون هذه الدراسة مفيدة لصناع القرار والباحثين والمهتمين بالتجارة الإقليمية والتنمية الاقتصادية في منطقة SADC.,1,1
قد شاع الاختلاف بين مدرستي البصرة والكوفة في عدّة قضايا نحوية وأخرى صرفية ، والتي من بينها حروف الجر ،وقد حاولنا من خلال هذا البحث محاولة التوصل الى أي مدى بلغ الاختلاف بين المدرستين في دراسة كل منهما لهذه الحروف مع تعزيز موقف كل مدرسة .معتمدين في ذالك على التراث اللغوي، ،منتقين أهم أراء وحجج الموقف التضميني ثم الموقف النيابي. لم عرفة مدى تأثير حرف الجر في خلق المعنى وإيصاله من الفعل إلى الاسم، وهل الفعل حقا له إمكانية تضمن معنى فعل آخر. فتكون العلّة فيه دون الحرف. أم اختلاف المعنى يقتصر على الحرف دون غيره في السياق؟.,0,0
"المخطوط العقدي في سبتة خلال القرن الثامن الهجري هو موضوع البحث الذي يقدمه الدكتور عبد الصمد بوذياب. يتناول البحث المخطوط الذي يحمل عنوان ""الاستدلال على بعث الأجسام"" لابن مخلص، وهو نموذج بارز في الدراسات العقدية في الغرب الإسلامي. يهدف البحث إلى تسليط الضوء على القضايا والإشكاليات التي كانت تشغل الفكر العقدي والكلامي والفلسفي في تلك الفترة. 

يشدد البحث على أهمية المخطوطات العقدية والكلامية في فهم الدروس العقدية والكلامية والفلسفية. يعتبر المخطوط المذكور دليلاً مادياً ملموساً يشرح حيثيات الدرس العقدي والكلامي والفلسفي، والتعريف بأهم الأعمال والمؤلفات التي كانت تحظى بالاهتمام في تلك الفترة. 

يتناول البحث أيضاً القضايا والإشكاليات التي كانت تشغل الفكر العقدي والكلامي والفلسفي، مع التركيز على مسألة ""بعث الأجسام"" وإشكالياتها الكلامية في الغرب الإسلامي في نهاية القرن الثامن وبداية القرن التاسع الهجري. 

في النهاية، يعتبر البحث مساهمة قيمة في فهم الفكر العقدي والكلامي في الغرب الإسلامي خلال القرن الثامن الهجري، ويقدم نظرة عميقة على القضايا والإشكاليات التي كانت تشغل العلماء في تلك الفترة.",1,1
"تهدف هذه الدراسة إلى تحليل تجليات الكتابة ما بعد الحداثية في ديوان ""هذا هو اسمي"" للشاعر أدونيس، مركّزة على استكشاف الأساليب التي يوظفها الشاعر للتحرر من القوالب التقليدية وإعادة تشكيل العلاقة بين الشاعر والقصيدة. تقدم الدراسة رؤية عميقة في كيفية استخدام أدونيس للغة كثورة فكرية تتجاوز الأطر التقليدية وتساهم في تحويل القصيدة من أداء تقريري إلى أداة تحريضية فاعلة. يعتبر أدونيس الشعر عصياناً لغوياً، وهذا التجديد يظهر بوضوح من خلال المزج المتقن بين العناصر اللغوية القديمة والتركيبات الحداثية، مما يخلق لغة خلاقة تتنوع بين التعبير التقليدي والابتكار الأدبي. كما يكشف ديوان ""هذا هو اسمي"" عن برنامج شعري متكامل يعكس فهم أدونيس العميق لفلسفة الكتابة ما بعد الحداثية، حيث يجذب القارئ إلى عوالمه الأدبية الآسرة ويدفعه لاكتشاف أبعاد جديدة في النص الشعري. تسعى الدراسة إلى تسليط الضوء على الطريقة التي يتم بها دمج هذه العناصر لخلق نصوص تحدّ من القواعد السائدة وتحفز التفكير النقدي والإبداعي لدى المتلقي، مما يعزز من أهمية الكتابة الأدونيسية في المشهد الأدبي الحديث.",1,1
تتناول هذه الدراسة التاريخ السياسي الموريتاني من خلال استعراض نضال الزعيم أحمدو ولد حرمة ولد ببانة، الذي يُعتبر أحد أبرز الشخصيات الثورية والسياسية في موريتانيا. تشير الدراسة إلى دوره في الثورة على المجتمع التقليدي والاستعمار الفرنسي، وسعيه لولوج العالم السياسي لخدمة بلاده. تركز على كيفية تحوله ليُصبح أول موريتاني يمثل بلاده في البرلمانات الدولية، تحديداً البرلمان الفرنسي، وتحليل مواقفه السياسية والإيجابيات التي نتجت عن نضاله المستمر للوصول إلى التحرير. يُبرز البحث استراتيجياته في توحيد المجتمع الموريتاني خلال أربعينيات القرن العشرين، متزامناً مع التحولات الدولية بعد الحرب العالمية الثانية، وإسهامه في تشكيل الوعي الوطني الموريتاني والعلاقات مع الإدارة الاستعمارية الفرنسية. تسعى الدراسة لإلقاء الضوء على عناصر القيادة التي امتلكها أحمدو ولد حرمة وتأثيرها على مسار التاريخ السياسي لموريتانيا.,1,1
تستكشف هذه الورقة البحثية ظاهرة الاقتباس في فن المقامة الجزائرية خلال القرن السادس الهجري، مع التركيز على أعمال ابن محرز الوهراني كنموذج. الهدف هو تحليل استخدام المؤلف للاقتباس، ومنهجيته تتضمن فحصًا دقيقًا للنصوص المختارة. تكشف النتائج عن استخدام ذكي للاقتباس، يُستخدم لتعزيز السرد ونقل رسائل ضمنية.,1,1
يهدف هذا المقال إلى تسليط الضوء على الظاهرة الإجرامية الإلكترونية وإلى توضيح آليات الرقابة التي سيفرضها المجتمع من أجل التفادي في الوقوع كضحية لهذه الجرائم، حيث تشهد الجزائر موجة من التغيرات على كافة الجوانب لا سيما التقنية والتكنولوجية منها، الأمر الذي أدى إلى انتشار كبير للأنترنت الذي توفره شركات خاصة كما توفره شركة اتصالات الجزائر، وقد اعتمدنا في دراستنا النظرية على المنهج الوصفي باعتباره المنهج الأقرب لوصف هذه الظاهرة، والنتيجة التي توصلنا إليها تفي بوجوب تدخل جميع من له علاقة بالحفاظ على تماسك المجتمع الجزائري بدء بهذا الأخير الذي يفعل آلياته المتعلقة بالمراقبة وانتهاء برفع درجة الوعي لدى كل الأفراد وأنهم في غير مأمن من براثن المجرمين إذا تم التراخي عن المراقبة أو التخلي عن الدور المنوط بهم.,0,0
في هذه الورقة البحثية، يتم فحص رواية آرثر كونان دويل البوليسية، كلب آل باسكرفيل، من خلال عدسة حجاجية. الهدف الأساسي هو تحليل تقنيات السرد المستخدمة في الرواية، مع التركيز على كيفية مساهمة هذه التقنيات في تطور الحبكة. تتضمن منهجية البحث مراجعة شاملة للنص، مع إيلاء اهتمام خاص للحوارات بين الشخصيات، والإعدادات، والأحداث. النتائج المتوقعة من هذه الدراسة هي فهم أعمق لكيفية استخدام دويل لتقنيات الرواية البوليسية لتعزيز الغموض والتشويق في القصة.,1,1
تهدف هذه الدراسة إلى تحليل آليات الرقابة الداخلية على الصفقات العمومية وتفويضات المرفق العام في ضوء المرسوم التشريعي 247/15. تستخدم الدراسة منهجاً علمياً يعتمد على مراجعة الأدبيات ذات الصلة وتحليل القوانين والتشريعات المتعلقة بالموضوع. من المتوقع أن تسلط الدراسة الضوء على أهمية الرقابة الداخلية في ضمان الشفافية والنزاهة في عمليات الشراء العام وتقديم الخدمات العامة. كما تهدف الدراسة إلى تقييم مدى فعالية الآليات الحالية للرقابة الداخلية وتحديد المجالات التي يمكن تحسينها لتعزيز كفاءة الإدارة العامة ومكافحة الفساد.,1,1
